case,cores,winner,baseline_makespan,winner_makespan,strict_improvement,official_calls,candidate_cache_hits,failures
case_001,2,baseline,116868,116868,False,0,0,0
case_001,3,mapping_locality_one_move,97000,95836,True,1,0,0
case_001,4,baseline,58984,58984,False,0,0,0
case_001,5,baseline,47502,47502,False,0,0,0
case_002,2,baseline,131397,131397,False,1,0,0
case_002,3,baseline,98390,98390,False,1,0,0
case_002,4,mapping_locality_one_move,82998,82626,True,1,0,0
case_002,5,baseline,66241,66241,False,2,0,0
case_003,2,mapping_locality_one_move,387087,377408,True,1,0,0
case_003,3,mapping_locality_one_move,298682,298678,True,1,0,0
case_003,4,baseline,282812,282812,False,1,0,0
case_003,5,mapping_balanced_one_move,249959,248604,True,2,0,0
case_004,2,baseline,206499,206499,False,1,0,0
case_004,3,baseline,131643,131643,False,1,0,0
case_004,4,mapping_locality_one_move,107944,107889,True,1,0,0
case_004,5,baseline,87834,87834,False,1,0,0
case_005,2,baseline,53397,53397,False,1,0,0
case_005,3,baseline,43655,43655,False,1,0,0
case_005,4,mapping_locality_one_move,39285,38972,True,1,0,0
case_005,5,mapping_locality_one_move,39285,38972,True,1,0,0
case_006,2,baseline,45613,45613,False,1,0,0
case_006,3,baseline,42640,42640,False,1,0,0
case_006,4,baseline,42640,42640,False,1,0,0
case_006,5,mapping_locality_one_move,36101,36075,True,1,0,0
case_007,2,mapping_locality_one_move,618614,557898,True,1,0,0
case_007,3,mapping_locality_one_move,424478,424478,False,1,0,0
case_007,4,mapping_locality_one_move,326138,326138,False,1,0,0
case_007,5,baseline,203834,203834,False,0,0,0
case_008,2,baseline,242226,242226,False,0,0,0
case_008,3,baseline,163359,163359,False,0,0,0
case_008,4,baseline,123060,123060,False,0,0,0
case_008,5,baseline,111071,111071,False,0,0,0
case_009,2,mapping_locality_one_move,102725,102019,True,1,0,0
case_009,3,baseline,87292,87292,False,1,0,0
case_009,4,baseline,85821,85821,False,1,0,0
case_009,5,baseline,81351,81351,False,1,0,0
case_010,2,baseline,46462,46462,False,1,0,0
case_010,3,baseline,38633,38633,False,1,0,0
case_010,4,baseline,38905,38905,False,1,0,0
case_010,5,mapping_locality_one_move,37143,34394,True,1,0,0
case_011,2,baseline,92646,92646,False,1,0,0
case_011,3,baseline,79286,79286,False,0,0,0
case_011,4,baseline,46880,46880,False,1,0,0
case_011,5,baseline,46880,46880,False,1,0,0
case_012,2,baseline,33084,33084,False,1,0,0
case_012,3,baseline,24277,24277,False,1,0,0
case_012,4,mapping_locality_one_move,24447,23486,True,1,0,0
case_012,5,mapping_locality_one_move,24447,23486,True,1,0,0
case_013,2,baseline,165065,165065,False,0,0,0
case_013,3,baseline,89238,89238,False,0,0,0
case_013,4,baseline,83671,83671,False,0,0,0
case_013,5,baseline,66721,66721,False,0,0,0
case_014,2,baseline,11585088,11585088,False,0,0,0
case_014,3,baseline,8522520,8522520,False,0,0,0
case_014,4,mapping_locality_one_move,7298409,7278749,True,1,0,0
case_014,5,baseline,6322404,6322404,False,1,0,0
case_015,2,baseline,101503,101503,False,1,0,0
case_015,3,baseline,77499,77499,False,1,0,0
case_015,4,baseline,64234,64234,False,1,0,0
case_015,5,baseline,57770,57770,False,1,0,0
case_016,2,baseline,7715523,7715523,False,0,0,0
case_016,3,baseline,7715523,7715523,False,0,0,0
case_016,4,baseline,7715523,7715523,False,0,0,0
case_016,5,baseline,7715523,7715523,False,0,0,0
case_017,2,baseline,84713,84713,False,1,0,0
case_017,3,baseline,63386,63386,False,1,0,0
case_017,4,mapping_locality_one_move,58769,58506,True,1,0,0
case_017,5,mapping_locality_one_move,60625,60440,True,1,0,0
case_018,2,baseline,582773,582773,False,1,0,0
case_018,3,baseline,419178,419178,False,1,0,0
case_018,4,baseline,345022,345022,False,1,0,0
case_018,5,mapping_locality_one_move,279412,278869,True,1,0,0
case_019,2,baseline,41969,41969,False,1,0,0
case_019,3,mapping_locality_one_move,32240,32189,True,1,0,0
case_019,4,mapping_locality_one_move,25339,24873,True,1,0,0
case_019,5,mapping_locality_one_move,22886,21640,True,1,0,0
case_020,2,baseline,266580,266580,False,0,0,0
case_020,3,baseline,177950,177950,False,0,0,0
case_020,4,baseline,133704,133704,False,0,0,0
case_020,5,mapping_locality_one_move,133566,133490,True,1,0,0
case_021,2,baseline,3213736,3213736,False,1,0,0
case_021,3,baseline,2780463,2780463,False,0,0,0
case_021,4,baseline,1580505,1580505,False,1,0,0
case_021,5,baseline,1253945,1253945,False,1,0,0
case_022,2,baseline,28854,28854,False,1,0,0
case_022,3,baseline,20431,20431,False,1,0,0
case_022,4,baseline,19294,19294,False,1,0,0
case_022,5,mapping_locality_one_move,18420,17488,True,1,0,0
case_023,2,baseline,57858,57858,False,1,0,0
case_023,3,baseline,38615,38615,False,1,0,0
case_023,4,baseline,30295,30295,False,1,0,0
case_023,5,baseline,30295,30295,False,1,0,0
case_024,2,baseline,2555343,2555343,False,0,0,0
case_024,3,baseline,2555343,2555343,False,0,0,0
case_024,4,baseline,2555343,2555343,False,0,0,0
case_024,5,baseline,2555343,2555343,False,0,0,0
case_025,2,mapping_locality_one_move,2969642,2841286,True,1,0,0
case_025,3,mapping_locality_one_move,2049989,2046946,True,1,0,0
case_025,4,mapping_locality_one_move,1560638,1560638,False,1,0,0
case_025,5,baseline,975534,975534,False,1,0,0
case_026,2,mapping_locality_one_move,64737,63633,True,1,0,0
case_026,3,mapping_locality_one_move,52573,52354,True,1,0,0
case_026,4,mapping_locality_one_move,52573,52354,True,1,0,0
case_026,5,mapping_locality_one_move,52573,52354,True,1,0,0
case_027,2,baseline,1120962,1120962,False,1,0,0
case_027,3,baseline,744579,744579,False,1,0,0
case_027,4,baseline,559196,559196,False,1,0,0
case_027,5,baseline,559196,559196,False,1,0,0
case_028,2,baseline,20306800,20306800,False,0,0,0
case_028,3,baseline,13658998,13658998,False,1,0,0
case_028,4,baseline,10204835,10204835,False,1,0,0
case_028,5,baseline,8154941,8154941,False,1,0,0
case_029,2,baseline,20656,20656,False,1,0,0
case_029,3,baseline,12743,12743,False,0,0,0
case_029,4,baseline,12006,12006,False,1,0,0
case_029,5,baseline,12006,12006,False,1,0,0
case_030,2,baseline,2079367,2079367,False,0,0,0
case_030,3,baseline,1580290,1580290,False,0,0,0
case_030,4,baseline,1344466,1344466,False,1,0,0
case_030,5,baseline,1344466,1344466,False,1,0,0
case_031,2,baseline,857784,857784,False,1,0,0
case_031,3,mapping_locality_one_move,657311,655951,True,1,0,0
case_031,4,mapping_locality_one_move,532183,531061,True,1,0,0
case_031,5,mapping_locality_one_move,449159,446054,True,1,0,0
case_032,2,baseline,20735,20735,False,1,0,0
case_032,3,mapping_locality_one_move,17020,16825,True,1,0,0
case_032,4,baseline,17051,17051,False,1,0,0
case_032,5,baseline,17051,17051,False,1,0,0
case_033,2,baseline,1095391,1095391,False,1,0,0
case_033,3,baseline,747062,747062,False,1,0,0
case_033,4,mapping_locality_one_move,553918,552539,True,1,0,0
case_033,5,mapping_locality_one_move,553918,552539,True,1,0,0
case_034,2,baseline,547274,547274,False,1,0,0
case_034,3,mapping_locality_one_move,389230,386889,True,1,0,0
case_034,4,baseline,338076,338076,False,1,0,0
case_034,5,mapping_locality_one_move,286564,279271,True,1,0,0
case_035,2,baseline,105261,105261,False,0,0,0
case_035,3,mapping_locality_one_move,98946,98946,False,1,0,0
case_035,4,baseline,93256,93256,False,1,0,0
case_035,5,baseline,93256,93256,False,1,0,0
case_036,2,baseline,466068,466068,False,0,0,0
case_036,3,mapping_locality_one_move,388000,386836,True,1,0,0
case_036,4,baseline,233584,233584,False,0,0,0
case_036,5,baseline,187182,187182,False,0,0,0
case_037,2,baseline,120651,120651,False,0,0,0
case_037,3,mapping_locality_one_move,87034,82197,True,1,0,0
case_037,4,mapping_locality_one_move,67669,67237,True,1,0,0
case_037,5,baseline,43013,43013,False,1,0,0
case_038,2,baseline,931959,931959,False,1,0,0
case_038,3,baseline,697347,697347,False,1,0,0
case_038,4,mapping_locality_one_move,687987,687539,True,1,0,0
case_038,5,mapping_locality_one_move,687987,687539,True,1,0,0
case_039,2,baseline,865287,865287,False,1,0,0
case_039,3,baseline,688780,688780,False,1,0,0
case_039,4,baseline,536614,536614,False,1,0,0
case_039,5,baseline,504978,504978,False,1,0,0
case_040,2,baseline,145181,145181,False,1,0,0
case_040,3,mapping_locality_one_move,127290,120858,True,1,0,0
case_040,4,mapping_locality_one_move,123583,123583,False,1,0,0
case_040,5,mapping_locality_one_move,121292,121291,True,1,0,0
case_041,2,baseline,3711448,3711448,False,1,0,0
case_041,3,mapping_locality_one_move,3303843,3293350,True,1,0,0
case_041,4,baseline,2174005,2174005,False,1,0,0
case_041,5,mapping_balanced_one_move,2035206,1775966,True,2,0,0
case_042,2,mapping_locality_one_move,973036,971504,True,1,0,0
case_042,3,mapping_locality_one_move,715422,713764,True,1,0,0
case_042,4,mapping_locality_one_move,570008,568796,True,1,0,0
case_042,5,baseline,485853,485853,False,1,0,0
case_043,2,baseline,340755,340755,False,1,0,0
case_043,3,mapping_locality_one_move,264463,263524,True,2,0,0
case_043,4,baseline,243939,243939,False,2,0,0
case_043,5,mapping_locality_one_move,222762,222721,True,1,0,0
case_044,2,baseline,55027,55027,False,0,0,0
case_044,3,baseline,55027,55027,False,0,0,0
case_044,4,baseline,55027,55027,False,0,0,0
case_044,5,baseline,55027,55027,False,0,0,0
case_045,2,mapping_locality_one_move,78563,66813,True,1,0,0
case_045,3,baseline,43176,43176,False,1,0,0
case_045,4,mapping_locality_one_move,39561,39561,False,1,0,0
case_045,5,baseline,27098,27098,False,1,0,0
case_046,2,baseline,112634,112634,False,0,0,0
case_046,3,baseline,79812,79812,False,1,0,0
case_046,4,baseline,80768,80768,False,0,0,0
case_046,5,baseline,80768,80768,False,0,0,0
case_047,2,baseline,250172,250172,False,1,0,0
case_047,3,baseline,230391,230391,False,2,0,0
case_047,4,baseline,209240,209240,False,1,0,0
case_047,5,baseline,201403,201403,False,2,0,0
case_048,2,baseline,164258,164258,False,1,0,0
case_048,3,baseline,151760,151760,False,1,0,0
case_048,4,baseline,151760,151760,False,1,0,0
case_048,5,baseline,151760,151760,False,1,0,0
case_049,2,mapping_locality_one_move,120478,120187,True,1,0,0
case_049,3,mapping_locality_one_move,97823,97465,True,1,0,0
case_049,4,mapping_locality_one_move,85578,85545,True,1,0,0
case_049,5,mapping_balanced_one_move,83290,83283,True,2,0,0
case_050,2,baseline,81210,81210,False,1,0,0
case_050,3,mapping_locality_one_move,53236,53031,True,1,0,0
case_050,4,mapping_locality_one_move,43854,43595,True,1,0,0
case_050,5,baseline,39562,39562,False,1,0,0
case_051,2,baseline,607628,607628,False,0,0,0
case_051,3,baseline,607628,607628,False,0,0,0
case_051,4,baseline,607628,607628,False,0,0,0
case_051,5,baseline,607628,607628,False,0,0,0
case_052,2,baseline,96545,96545,False,1,0,0
case_052,3,baseline,69389,69389,False,1,0,0
case_052,4,mapping_locality_one_move,59151,58545,True,1,0,0
case_052,5,baseline,55471,55471,False,1,0,0
case_053,2,mapping_locality_one_move,759149,740832,True,1,0,0
case_053,3,mapping_locality_one_move,584699,541298,True,1,0,0
case_053,4,baseline,492668,492668,False,0,0,0
case_053,5,mapping_balanced_one_move,465737,465737,False,2,0,0
case_054,2,baseline,485507,485507,False,0,0,0
case_054,3,baseline,386718,386718,False,1,0,0
case_054,4,baseline,331197,331197,False,1,0,0
case_054,5,baseline,271436,271436,False,1,0,0
case_055,2,baseline,62412,62412,False,1,0,0
case_055,3,mapping_locality_one_move,48301,44402,True,1,0,0
case_055,4,mapping_locality_one_move,40884,38545,True,1,0,0
case_055,5,mapping_locality_one_move,34895,33956,True,1,0,0
case_056,2,baseline,186986,186986,False,1,0,0
case_056,3,baseline,149107,149107,False,1,0,0
case_056,4,mapping_locality_one_move,134333,134333,False,2,0,0
case_056,5,mapping_locality_one_move,134333,134333,False,2,0,0
case_057,2,mapping_locality_one_move,31115,30104,True,1,0,0
case_057,3,mapping_locality_one_move,21456,21456,False,1,0,0
case_057,4,baseline,16619,16619,False,1,0,0
case_057,5,baseline,16619,16619,False,1,0,0
case_058,2,baseline,3621089,3621089,False,0,0,0
case_058,3,baseline,1506765,1506765,False,1,0,0
case_058,4,baseline,1506765,1506765,False,1,0,0
case_058,5,baseline,915736,915736,False,1,0,0
case_059,2,baseline,410916,410916,False,0,0,0
case_059,3,baseline,351835,351835,False,0,0,0
case_059,4,baseline,185216,185216,False,0,0,0
case_059,5,baseline,185216,185216,False,0,0,0
case_060,2,baseline,524719,524719,False,1,0,0
case_060,3,mapping_locality_one_move,427594,423570,True,1,0,0
case_060,4,baseline,348914,348914,False,1,0,0
case_060,5,mapping_locality_one_move,306008,274503,True,1,0,0
case_061,2,baseline,46314,46314,False,1,0,0
case_061,3,baseline,33172,33172,False,1,0,0
case_061,4,baseline,30975,30975,False,1,0,0
case_061,5,baseline,30639,30639,False,1,0,0
case_062,2,baseline,1784824,1784824,False,0,0,0
case_062,3,baseline,1189955,1189955,False,1,0,0
case_062,4,mapping_locality_one_move,892782,892170,True,1,0,0
case_062,5,baseline,715381,715381,False,1,0,0
case_063,2,baseline,637833,637833,False,0,0,0
case_063,3,baseline,446447,446447,False,1,0,0
case_063,4,mapping_locality_one_move,335694,335694,False,1,0,0
case_063,5,baseline,266761,266761,False,2,0,0
case_064,2,baseline,13970,13970,False,1,0,0
case_064,3,baseline,11582,11582,False,1,0,0
case_064,4,baseline,11821,11821,False,1,0,0
case_064,5,baseline,11821,11821,False,1,0,0
case_065,2,baseline,29025,29025,False,1,0,0
case_065,3,baseline,20606,20606,False,1,0,0
case_065,4,baseline,17844,17844,False,1,0,0
case_065,5,baseline,17844,17844,False,1,0,0
case_066,2,baseline,185656,185656,False,1,0,0
case_066,3,baseline,131549,131549,False,1,0,0
case_066,4,mapping_locality_one_move,99552,98861,True,1,0,0
case_066,5,mapping_locality_one_move,91786,91786,False,1,0,0
case_067,2,baseline,32116988,32116988,False,0,0,0
case_067,3,baseline,21555677,21555677,False,0,0,0
case_067,4,baseline,16060080,16060080,False,0,0,0
case_067,5,baseline,12878522,12878522,False,1,0,0
case_068,2,baseline,203899,203899,False,1,0,0
case_068,3,mapping_locality_one_move,164663,164614,True,1,0,0
case_068,4,baseline,136354,136354,False,1,0,0
case_068,5,baseline,136354,136354,False,1,0,0
case_069,2,baseline,16288,16288,False,1,0,0
case_069,3,baseline,13740,13740,False,1,0,0
case_069,4,baseline,13740,13740,False,1,0,0
case_069,5,baseline,13740,13740,False,1,0,0
case_070,2,baseline,65978,65978,False,1,0,0
case_070,3,mapping_locality_one_move,45278,45112,True,1,0,0
case_070,4,mapping_locality_one_move,40683,39492,True,1,0,0
case_070,5,baseline,37765,37765,False,1,0,0
case_071,2,baseline,12631,12631,False,1,0,0
case_071,3,baseline,10300,10300,False,1,0,0
case_071,4,baseline,10300,10300,False,1,0,0
case_071,5,baseline,10300,10300,False,1,0,0
case_072,2,baseline,14311602,14311602,False,1,0,0
case_072,3,baseline,10386798,10386798,False,1,0,0
case_072,4,baseline,7583813,7583813,False,1,0,0
case_072,5,baseline,7100083,7100083,False,1,0,0
case_073,2,baseline,5135220,5135220,False,0,0,0
case_073,3,baseline,4269593,4269593,False,0,0,0
case_073,4,baseline,2699606,2699606,False,0,0,0
case_073,5,baseline,2798206,2798206,False,1,0,0
case_074,2,baseline,924834,924834,False,1,0,0
case_074,3,baseline,661625,661625,False,1,0,0
case_074,4,baseline,526124,526124,False,1,0,0
case_074,5,baseline,431365,431365,False,1,0,0
case_075,2,baseline,992854,992854,False,1,0,0
case_075,3,mapping_locality_one_move,933924,933924,False,1,0,0
case_075,4,mapping_locality_one_move,800301,798947,True,2,0,0
case_075,5,baseline,751559,751559,False,2,0,0
case_076,2,baseline,4589392,4589392,False,1,0,0
case_076,3,baseline,3601264,3601264,False,1,0,0
case_076,4,baseline,3091221,3091221,False,1,0,0
case_076,5,mapping_locality_one_move,2191253,2187949,True,1,0,0
case_077,2,baseline,294734,294734,False,1,0,0
case_077,3,baseline,216777,216777,False,1,0,0
case_077,4,mapping_locality_one_move,157225,157044,True,1,0,0
case_077,5,baseline,133298,133298,False,1,0,0
case_078,2,baseline,1067021,1067021,False,0,0,0
case_078,3,baseline,711922,711922,False,1,0,0
case_078,4,baseline,538711,538711,False,1,0,0
case_078,5,baseline,433085,433085,False,1,0,0
case_079,2,baseline,15438610,15438610,False,1,0,0
case_079,3,baseline,10278153,10278153,False,1,0,0
case_079,4,baseline,7687887,7687887,False,1,0,0
case_079,5,baseline,7687887,7687887,False,1,0,0
case_080,2,baseline,187580,187580,False,0,0,0
case_080,3,baseline,101509,101509,False,0,0,0
case_080,4,baseline,101509,101509,False,0,0,0
case_080,5,baseline,75193,75193,False,1,0,0
case_081,2,baseline,83829,83829,False,1,0,0
case_081,3,baseline,63387,63387,False,1,0,0
case_081,4,baseline,48576,48576,False,1,0,0
case_081,5,baseline,42657,42657,False,1,0,0
case_082,2,mapping_locality_one_move,428638,427139,True,1,0,0
case_082,3,mapping_locality_one_move,335460,331007,True,1,0,0
case_082,4,baseline,267131,267131,False,2,0,0
case_082,5,mapping_locality_one_move,233487,230968,True,1,0,0
case_083,2,baseline,438429,438429,False,1,0,0
case_083,3,baseline,292405,292405,False,0,0,0
case_083,4,baseline,220025,220025,False,0,0,0
case_083,5,baseline,181015,181015,False,1,0,0
case_084,2,baseline,1275814,1275814,False,0,0,0
case_084,3,baseline,836220,836220,False,0,0,0
case_084,4,baseline,625992,625992,False,0,0,0
case_084,5,baseline,501224,501224,False,0,0,0
case_085,2,baseline,2387337,2387337,False,1,0,0
case_085,3,baseline,2147360,2147360,False,1,0,0
case_085,4,baseline,2021879,2021879,False,2,0,0
case_085,5,mapping_locality_one_move,1870479,1870479,False,1,0,0
case_086,2,baseline,71279,71279,False,1,0,0
case_086,3,baseline,59513,59513,False,1,0,0
case_086,4,mapping_locality_one_move,47180,47046,True,1,0,0
case_086,5,mapping_locality_one_move,47180,47046,True,1,0,0
case_087,2,mapping_locality_one_move,2287771,2209662,True,1,0,0
case_087,3,baseline,1577719,1577719,False,1,0,0
case_087,4,mapping_locality_one_move,1346575,1346575,False,1,0,0
case_087,5,mapping_locality_one_move,1166481,1164477,True,1,0,0
case_088,2,mapping_locality_one_move,134995,134506,True,1,0,0
case_088,3,baseline,100296,100296,False,1,0,0
case_088,4,baseline,80351,80351,False,2,0,0
case_088,5,baseline,76993,76993,False,2,0,0
case_089,2,baseline,339435,339435,False,1,0,0
case_089,3,baseline,226846,226846,False,1,0,0
case_089,4,baseline,170137,170137,False,1,0,0
case_089,5,baseline,137328,137328,False,0,0,0
case_090,2,baseline,457807,457807,False,1,0,0
case_090,3,mapping_balanced_one_move,324546,314383,True,2,0,0
case_090,4,baseline,269062,269062,False,0,0,0
case_090,5,baseline,269062,269062,False,0,0,0
case_091,2,baseline,5690664,5690664,False,1,0,0
case_091,3,baseline,4629475,4629475,False,1,0,0
case_091,4,baseline,3976008,3976008,False,1,0,0
case_091,5,mapping_locality_one_move,3122835,3122568,True,1,0,0
case_092,2,baseline,2015242,2015242,False,0,0,0
case_092,3,baseline,1330599,1330599,False,0,0,0
case_092,4,baseline,1018974,1018974,False,0,0,0
case_092,5,baseline,827744,827744,False,0,0,0
case_093,2,baseline,45680,45680,False,0,0,0
case_093,3,baseline,26765,26765,False,0,0,0
case_093,4,baseline,23577,23577,False,0,0,0
case_093,5,baseline,19312,19312,False,0,0,0
case_094,2,mapping_locality_one_move,51407,50397,True,1,0,0
case_094,3,mapping_locality_one_move,36685,36228,True,1,0,0
case_094,4,baseline,30467,30467,False,1,0,0
case_094,5,mapping_locality_one_move,26086,25225,True,1,0,0
case_095,2,baseline,1040351,1040351,False,0,0,0
case_095,3,baseline,693735,693735,False,0,0,0
case_095,4,baseline,522106,522106,False,0,0,0
case_095,5,baseline,418656,418656,False,0,0,0
case_096,2,baseline,44882,44882,False,1,0,0
case_096,3,baseline,35025,35025,False,2,0,0
case_096,4,mapping_locality_one_move,34929,33012,True,1,0,0
case_096,5,mapping_locality_one_move,34929,33012,True,1,0,0
case_097,2,baseline,5834394,5834394,False,0,0,0
case_097,3,baseline,4243972,4243972,False,0,0,0
case_097,4,baseline,2869852,2869852,False,1,0,0
case_097,5,baseline,2786482,2786482,False,0,0,0
case_098,2,baseline,94248,94248,False,1,0,0
case_098,3,baseline,87943,87943,False,1,0,0
case_098,4,baseline,87943,87943,False,1,0,0
case_098,5,baseline,87943,87943,False,1,0,0
case_099,2,baseline,1555453,1555453,False,1,0,0
case_099,3,mapping_locality_one_move,751508,750093,True,1,0,0
case_099,4,baseline,613140,613140,False,1,0,0
case_099,5,mapping_locality_one_move,503340,502483,True,1,0,0
case_100,2,baseline,78892,78892,False,1,0,0
case_100,3,baseline,69368,69368,False,1,0,0
case_100,4,baseline,65227,65227,False,2,0,0
case_100,5,baseline,65227,65227,False,2,0,0
