case,cores,method,status,makespan_cycles,added_copy_bytes,partition_added_copy_bytes,spill_added_copy_bytes,spill_share_of_added,spill_share_of_scheduled,cross_task_traffic_bytes,cross_core_transfer_count,used_core_count,runtime_seconds,plan_provenance,frozen_signature_match,error
case_001,2,single,success,233110,0,0,0,0.0,0.0,0,0,1,0.14835789997596294,existing_problem1_candidate,True,
case_001,2,b0,success,116868,1152,1152,0,0.0,0.0,0,0,2,0.13734800001839176,existing_problem1_candidate,True,
case_001,2,b1,success,116868,1152,1152,0,0.0,0.0,0,0,2,0.12157229997683316,existing_problem1_candidate,True,
case_001,2,b2a_w4,success,149436,1729664,1152,1728512,0.9993339746910382,0.5130309247017704,0,0,2,0.17368929996155202,existing_problem1_candidate,True,
case_001,2,b2a_w8,success,149436,1729664,1152,1728512,0.9993339746910382,0.5130309247017704,0,0,2,0.1735892000142485,existing_problem1_candidate,True,
case_001,2,b2a_w16,success,149436,1729664,1152,1728512,0.9993339746910382,0.5130309247017704,0,0,2,0.17083429999183863,existing_problem1_candidate,True,
case_001,4,single,success,233110,0,0,0,0.0,0.0,0,0,1,0.13871160004055128,existing_problem1_candidate,True,
case_001,4,b0,success,58984,3456,3456,0,0.0,0.0,0,0,4,0.11658019997412339,existing_problem1_candidate,True,
case_001,4,b1,success,73253,138624,138624,0,0.0,0.0,45056,11,4,0.12488170003052801,existing_problem1_candidate,True,
case_001,4,b2a_w4,success,78028,626048,3456,622592,0.9944796565119608,0.27480225988700563,0,0,4,0.13063189998501912,existing_problem1_candidate,True,
case_001,4,b2a_w8,success,78028,626048,3456,622592,0.9944796565119608,0.27480225988700563,0,0,4,0.1294919000356458,existing_problem1_candidate,True,
case_001,4,b2a_w16,success,78028,626048,3456,622592,0.9944796565119608,0.27480225988700563,0,0,4,0.13329859997611493,existing_problem1_candidate,True,
case_001,5,single,success,233110,0,0,0,0.0,0.0,0,0,1,0.1427036999957636,existing_problem1_candidate,True,
case_001,5,b0,success,47502,4608,4608,0,0.0,0.0,0,0,5,0.12299490004079416,existing_problem1_candidate,True,
case_001,5,b1,success,47502,4608,4608,0,0.0,0.0,0,0,5,0.12058129999786615,existing_problem1_candidate,True,
case_001,5,b2a_w4,success,64407,373248,4608,368640,0.9876543209876543,0.18314785373608902,0,0,5,0.1240453000064008,existing_problem1_candidate,True,
case_001,5,b2a_w8,success,64407,373248,4608,368640,0.9876543209876543,0.18314785373608902,0,0,5,0.12250629998743534,existing_problem1_candidate,True,
case_001,5,b2a_w16,success,64407,373248,4608,368640,0.9876543209876543,0.18314785373608902,0,0,5,0.12172900000587106,existing_problem1_candidate,True,
case_050,2,single,success,149690,0,0,0,0.0,0.0,0,0,1,1.237226199998986,regenerated_from_unchanged_problem1_solver,True,
case_050,2,b0,success,147813,0,0,0,0.0,0.0,0,0,1,1.1674701999872923,regenerated_from_unchanged_problem1_solver,True,
case_050,2,b1,success,151579,47624,0,47624,1.0,0.12976566757493188,0,0,1,1.5056116000050679,regenerated_from_unchanged_problem1_solver,True,
case_050,2,b2a_w4,success,107539,32780,8,32772,0.9997559487492373,0.09306102977089699,4,2,2,1.1093754000030458,regenerated_from_unchanged_problem1_solver,True,
case_050,2,b2a_w8,success,99322,640036,640036,0,0.0,0.0,309264,286,2,0.9268079000175931,regenerated_from_unchanged_problem1_solver,True,
case_050,2,b2a_w16,success,81891,1176512,1176512,0,0.0,0.0,551134,696,2,1.0703167000319809,regenerated_from_unchanged_problem1_solver,True,
case_050,4,single,success,149690,0,0,0,0.0,0.0,0,0,1,1.1074728000094183,existing_problem1_candidate,True,
case_050,4,b0,success,147921,8240,0,8240,1.0,0.025151396757179135,0,0,1,1.1768727999879047,existing_problem1_candidate,True,
case_050,4,b1,success,140559,106524,106524,0,0.0,0.0,32780,10,2,1.2086334000341594,existing_problem1_candidate,True,
case_050,4,b2a_w4,success,104186,81952,81952,0,0.0,0.0,32784,16,4,1.0208546000067145,existing_problem1_candidate,True,
case_050,4,b2a_w8,success,73252,891368,891368,0,0.0,0.0,423152,440,4,0.8962574999895878,existing_problem1_candidate,True,
case_050,4,b2a_w16,success,46748,1747432,1747432,0,0.0,0.0,761838,1001,4,1.065539000032004,existing_problem1_candidate,True,
case_050,5,single,success,149690,0,0,0,0.0,0.0,0,0,1,1.130508899979759,regenerated_from_unchanged_problem1_solver,True,
case_050,5,b0,success,148632,16436,0,16436,1.0,0.04894405202911153,0,0,1,1.2138098999857903,regenerated_from_unchanged_problem1_solver,True,
case_050,5,b1,success,152215,108880,0,108880,1.0,0.2542404543077038,0,0,1,1.5197801999747753,regenerated_from_unchanged_problem1_solver,True,
case_050,5,b2a_w4,success,104199,102428,102428,0,0.0,0.0,40974,17,5,1.0438643000088632,regenerated_from_unchanged_problem1_solver,True,
case_050,5,b2a_w8,success,73945,934436,934436,0,0.0,0.0,433934,454,5,0.9823035000008531,regenerated_from_unchanged_problem1_solver,True,
case_050,5,b2a_w16,success,42140,1696052,1696052,0,0.0,0.0,720914,1089,5,1.1489468000363559,regenerated_from_unchanged_problem1_solver,True,
case_100,2,single,success,151223,0,0,0,0.0,0.0,0,0,1,0.23957209999207407,regenerated_from_unchanged_problem1_solver,True,
case_100,2,b0,success,148909,0,0,0,0.0,0.0,0,0,1,0.2529073000187054,regenerated_from_unchanged_problem1_solver,True,
case_100,2,b1,success,97404,121856,121856,0,0.0,0.0,45312,6,2,0.29459269996732473,regenerated_from_unchanged_problem1_solver,True,
case_100,2,b2a_w4,success,80853,960832,592160,368672,0.38370079264637313,0.26046643069597225,263756,111,2,0.26036889996612445,regenerated_from_unchanged_problem1_solver,True,
case_100,2,b2a_w8,success,90237,2113576,1528856,584720,0.27664962130531384,0.22767927718293232,593604,227,2,0.3304974000202492,regenerated_from_unchanged_problem1_solver,True,
case_100,2,b2a_w16,success,98538,3519928,3158376,361552,0.10271573736735524,0.0909673254118856,1400496,450,2,0.3824175000190735,regenerated_from_unchanged_problem1_solver,True,
case_100,4,single,success,151223,0,0,0,0.0,0.0,0,0,1,0.20021189999533817,existing_problem1_candidate,True,
case_100,4,b0,success,134499,122112,122112,0,0.0,0.0,29952,4,3,0.2601356999948621,existing_problem1_candidate,True,
case_100,4,b1,success,94337,442136,442136,0,0.0,0.0,83212,16,4,0.245381599990651,existing_problem1_candidate,True,
case_100,4,b2a_w4,success,67632,1615378,1386002,229376,0.14199524817101633,0.11081094660034706,453508,180,4,0.27923159999772906,existing_problem1_candidate,True,
case_100,4,b2a_w8,success,85581,3050772,2592020,458752,0.15037243032255443,0.13087120617794984,1067330,439,4,0.37742770003387704,existing_problem1_candidate,True,
case_100,4,b2a_w16,success,89359,4523684,4523684,0,0.0,0.0,1923148,665,4,0.42597680003382266,existing_problem1_candidate,True,
case_100,5,single,success,151223,0,0,0,0.0,0.0,0,0,1,0.20439410000108182,regenerated_from_unchanged_problem1_solver,True,
case_100,5,b0,success,152903,0,0,0,0.0,0.0,0,0,1,0.2545862999977544,regenerated_from_unchanged_problem1_solver,True,
case_100,5,b1,success,79956,565280,565280,0,0.0,0.0,139024,26,5,0.3126882000360638,regenerated_from_unchanged_problem1_solver,True,
case_100,5,b2a_w4,success,68212,1749046,1519670,229376,0.1311434919378907,0.10408940827102744,552340,201,5,0.29004540003370494,regenerated_from_unchanged_problem1_solver,True,
case_100,5,b2a_w8,success,86415,2959660,2500908,458752,0.15500158802024558,0.13436360111040233,1032526,441,5,0.37944400002015755,regenerated_from_unchanged_problem1_solver,True,
case_100,5,b2a_w16,success,95434,4947770,4947770,0,0.0,0.0,2098648,727,5,0.4699160999734886,regenerated_from_unchanged_problem1_solver,True,
