case,cores,split,winner,winner_family,makespan_cycles,stage1_makespan_cycles,added_copy_bytes,stage1_added_copy_bytes,spill_added_copy_bytes,stage1_spill_added_copy_bytes,cross_task_traffic_bytes,cross_core_transfer_count,used_core_count,group_wall_seconds,gain_pct,copy_delta_mib,spill_delta_mib,speedup
case_001,1,development,stage1_actual_winner,verified_stage1_global_fallback,233110,233110,0,0,0,0,0,0,1,0.07256280072033405,0.0,0.0,0.0,1.0
case_001,2,development,stage1_actual_winner,verified_stage1_global_fallback,116868,116868,1152,1152,0,0,0,0,2,2.000513531267643,0.0,0.0,0.0,1.9946435294520313
case_001,3,development,stage1_actual_winner,verified_stage1_global_fallback,97000,97000,88320,88320,0,0,28672,7,3,3.499099349603057,0.0,0.0,0.0,2.4031958762886596
case_001,4,development,stage1_actual_winner,verified_stage1_global_fallback,58984,58984,3456,3456,0,0,0,0,4,3.7582812048494816,0.0,0.0,0.0,3.952088702020887
case_001,5,development,stage1_actual_winner,verified_stage1_global_fallback,47502,47502,4608,4608,0,0,0,0,5,4.532685227692127,0.0,0.0,0.0,4.9073723211654245
case_002,1,holdout,stage1_actual_winner,verified_stage1_global_fallback,261945,261945,0,0,0,0,0,0,1,0.17099315114319324,0.0,0.0,0.0,1.0
case_002,2,holdout,stage1_actual_winner,verified_stage1_global_fallback,131496,131496,3472896,3472896,635904,635904,960000,625,2,5.933463281020522,0.0,0.0,0.0,1.992037780616901
case_002,3,holdout,stage1_actual_winner,verified_stage1_global_fallback,104557,104557,4414464,4414464,0,0,1290240,840,3,9.26692640595138,0.0,0.0,0.0,2.5052841990493224
case_002,4,holdout,map_locality@b2a_w16,scene_b_fixed_partition_mapping,78080,82998,3105792,219648,0,0,866304,564,4,11.665089344605803,5.925443986602087,2.75244140625,0.0,3.354828381147541
case_002,5,holdout,stage1_actual_winner,verified_stage1_global_fallback,66241,66241,228864,228864,0,0,98304,64,5,15.406295517459512,0.0,0.0,0.0,3.954423997222264
case_003,1,holdout,stage1_actual_winner,verified_stage1_global_fallback,602212,602212,0,0,0,0,0,0,1,1.1616170797497034,0.0,0.0,0.0,1.0
case_003,2,holdout,stage1_actual_winner,verified_stage1_global_fallback,388594,388594,1862376,1862376,0,0,724338,949,2,23.412005934864283,0.0,0.0,0.0,1.549720273601754
case_003,3,holdout,map_locality@b2a_w16,scene_b_fixed_partition_mapping,297706,299116,2720064,2730816,0,0,1014940,1188,3,53.0145659763366,0.4713890263309218,-0.01025390625,0.0,2.0228413266779977
case_003,4,holdout,stage1_actual_winner,verified_stage1_global_fallback,286318,286318,3410168,3410168,0,0,1181814,1417,4,63.016873398795724,0.0,0.0,0.0,2.103297731892511
case_003,5,holdout,stage1_actual_winner,verified_stage1_global_fallback,252968,252968,4152832,4152832,0,0,1354488,1674,5,74.63693236745894,0.0,0.0,0.0,2.380585686727175
case_004,1,holdout,stage1_actual_winner,verified_stage1_global_fallback,392357,392357,0,0,0,0,0,0,1,0.07410089485347271,0.0,0.0,0.0,1.0
case_004,2,holdout,stage1_actual_winner,verified_stage1_global_fallback,216172,216172,2909184,2909184,995328,995328,768000,139,2,2.0086271185427904,0.0,0.0,0.0,1.8150222970597487
case_004,3,holdout,map_locality@b2a_w4,scene_b_fixed_partition_mapping,142257,143994,2110464,2350080,709632,2128896,513024,93,3,3.861736299470067,1.206300262510938,-0.228515625,-1.353515625,2.7580857181017455
case_004,4,holdout,stage1_actual_winner,verified_stage1_global_fallback,113976,113976,3446784,3446784,196608,196608,1277952,222,4,4.800708973780274,0.0,0.0,0.0,3.442452797080087
case_004,5,holdout,stage1_actual_winner,verified_stage1_global_fallback,98907,98907,4343808,4343808,73728,73728,1643520,290,5,7.516089376062155,0.0,0.0,0.0,3.9669285288200027
case_005,1,holdout,stage1_actual_winner,verified_stage1_global_fallback,95618,95618,0,0,0,0,0,0,1,0.345870453864336,0.0,0.0,0.0,1.0
case_005,2,holdout,stage1_actual_winner,verified_stage1_global_fallback,55096,55096,900134,900134,0,0,396640,450,2,9.785972125828266,0.0,0.0,0.0,1.7354798896471613
case_005,3,holdout,map_locality@b2a_w16,scene_b_fixed_partition_mapping,44327,44970,1490314,1381610,0,0,644880,671,3,16.78211772814393,1.4298421169668667,0.103668212890625,0.0,2.157105150359826
case_005,4,holdout,stage1_actual_winner,verified_stage1_global_fallback,43062,43062,1945102,1945102,0,0,779632,817,4,20.72336069121957,0.0,0.0,0.0,2.2204728066508754
case_005,5,holdout,stage1_actual_winner,verified_stage1_global_fallback,43062,43062,1945102,1945102,0,0,779632,817,4,21.589860271662474,0.0,0.0,0.0,2.2204728066508754
case_006,1,holdout,stage1_actual_winner,verified_stage1_global_fallback,82837,82837,16400,16400,16400,16400,0,0,1,0.11866719089448452,0.0,0.0,0.0,1.0
case_006,2,holdout,stage1_actual_winner,verified_stage1_global_fallback,45613,45613,1178898,1178898,207912,207912,347058,85,2,3.2543064914643764,0.0,0.0,0.0,1.816083134194199
case_006,3,holdout,stage1_actual_winner,verified_stage1_global_fallback,44201,44201,1404444,1404444,0,0,578760,132,3,3.362834358587861,0.0,0.0,0.0,1.8740978710888894
case_006,4,holdout,stage1_actual_winner,verified_stage1_global_fallback,44201,44201,1404444,1404444,0,0,578760,132,3,4.693886265158653,0.0,0.0,0.0,1.8740978710888894
case_006,5,holdout,map_locality@b1,scene_b_fixed_partition_mapping,36044,36131,449732,503232,0,0,137760,35,5,6.4339841939508915,0.24079045694832693,-0.051021575927734375,0.0,2.2982188436355564
case_007,1,holdout,stage1_actual_winner,verified_stage1_global_fallback,1012562,1012562,0,0,0,0,0,0,1,0.7488680388778448,0.0,0.0,0.0,1.0
case_007,2,holdout,stage1_actual_winner,verified_stage1_global_fallback,618914,618914,2987520,2987520,1536000,1536000,569856,186,2,17.330267572775483,0.0,0.0,0.0,1.636030207750996
case_007,3,holdout,stage1_actual_winner,verified_stage1_global_fallback,425650,425650,3151872,3151872,743424,743424,941568,308,3,29.22662967070937,0.0,0.0,0.0,2.3788605661928814
case_007,4,holdout,map_locality@b1,scene_b_fixed_partition_mapping,326138,326138,3087360,3319296,337920,215040,1067520,350,4,52.955929324030876,0.0,-0.22119140625,0.1171875,3.1047041436447147
case_007,5,holdout,stage1_actual_winner,verified_stage1_global_fallback,203834,203834,110592,110592,0,0,0,0,5,53.41952695325017,0.0,0.0,0.0,4.967581463347626
case_008,1,holdout,stage1_actual_winner,verified_stage1_global_fallback,487605,487605,0,0,0,0,0,0,1,0.20218916609883308,0.0,0.0,0.0,1.0
case_008,2,holdout,stage1_actual_winner,verified_stage1_global_fallback,242226,242226,0,0,0,0,0,0,2,3.3004180546849966,0.0,0.0,0.0,2.0130167694632286
case_008,3,holdout,stage1_actual_winner,verified_stage1_global_fallback,163359,163359,0,0,0,0,0,0,3,4.711733156815171,0.0,0.0,0.0,2.984867684057811
case_008,4,holdout,stage1_actual_winner,verified_stage1_global_fallback,123060,123060,0,0,0,0,0,0,4,6.045703060925007,0.0,0.0,0.0,3.962335446123842
case_008,5,holdout,map_locality@b1,scene_b_fixed_partition_mapping,104035,111071,481536,518784,0,0,240768,19,5,14.154593335464597,6.3346868219427215,-0.0355224609375,0.0,4.6869322824049595
case_009,1,holdout,stage1_actual_winner,verified_stage1_global_fallback,153261,153261,0,0,0,0,0,0,1,0.359093202278018,0.0,0.0,0.0,1.0
case_009,2,holdout,map_locality@b2a_w16,scene_b_fixed_partition_mapping,100840,102725,934196,100408,30216,0,395156,500,2,13.258148696273565,1.8349963494767583,0.7951622009277344,0.02881622314453125,1.5198433161443872
case_009,3,holdout,stage1_actual_winner,verified_stage1_global_fallback,90370,90370,1238032,1238032,8192,8192,521604,670,3,25.514217549934983,0.0,0.0,0.0,1.6959278521633285
case_009,4,holdout,stage1_actual_winner,verified_stage1_global_fallback,88702,88702,1493532,1493532,0,0,610056,790,4,33.33386857435107,0.0,0.0,0.0,1.7278189894252667
case_009,5,holdout,map_locality@b2a_w16,scene_b_fixed_partition_mapping,82643,84007,1582692,1602452,0,0,629546,828,5,41.3686383664608,1.6236742176247216,-0.0188446044921875,0.0,1.854494633544281
case_010,1,validation,stage1_actual_winner,verified_stage1_global_fallback,86969,86969,0,0,0,0,0,0,1,0.12937631458044052,0.0,0.0,0.0,1.0
case_010,2,validation,stage1_actual_winner,verified_stage1_global_fallback,53794,53794,923272,923272,98688,98688,390788,90,2,1.6738960351794958,0.0,0.0,0.0,1.6167044651819906
case_010,3,validation,stage1_actual_winner,verified_stage1_global_fallback,41359,41359,1418344,1418344,0,0,554964,125,3,2.6599988602101803,0.0,0.0,0.0,2.102782949297614
case_010,4,validation,stage1_actual_winner,verified_stage1_global_fallback,38905,38905,489772,489772,0,0,95766,34,4,4.214921562001109,0.0,0.0,0.0,2.23541961187508
case_010,5,validation,map_locality@b1,scene_b_fixed_partition_mapping,37143,37143,413348,548260,0,0,111570,35,5,5.541348440572619,0.0,-0.128662109375,0.0,2.3414640712920334
case_011,1,holdout,stage1_actual_winner,verified_stage1_global_fallback,184697,184697,0,0,0,0,0,0,1,0.12719185650348663,0.0,0.0,0.0,1.0
case_011,2,holdout,stage1_actual_winner,verified_stage1_global_fallback,92646,92646,180224,180224,0,0,0,0,2,2.4950090404599905,0.0,0.0,0.0,1.9935777043801135
case_011,3,holdout,stage1_actual_winner,verified_stage1_global_fallback,79286,79286,1916928,1916928,0,0,958464,234,3,2.2325580809265375,0.0,0.0,0.0,2.329503317105164
case_011,4,holdout,stage1_actual_winner,verified_stage1_global_fallback,46880,46880,540672,540672,0,0,0,0,4,3.9038543794304132,0.0,0.0,0.0,3.9397824232081913
case_011,5,holdout,stage1_actual_winner,verified_stage1_global_fallback,46880,46880,540672,540672,0,0,0,0,4,4.174937272444367,0.0,0.0,0.0,3.9397824232081913
case_012,1,holdout,stage1_actual_winner,verified_stage1_global_fallback,59088,59088,0,0,0,0,0,0,1,0.10406074486672878,0.0,0.0,0.0,1.0
case_012,2,holdout,map_locality@b2a_w8,scene_b_fixed_partition_mapping,33001,34562,822146,822062,0,0,327580,307,2,3.817092264071107,4.516521034662346,8.0108642578125e-05,0.0,1.7904911972364475
case_012,3,holdout,map_locality@b2a_w4,scene_b_fixed_partition_mapping,25172,26134,690488,713818,0,0,271192,226,3,7.365077460184693,3.681028545190174,-0.022249221801757812,0.0,2.3473700937549657
case_012,4,holdout,map_locality@b1,scene_b_fixed_partition_mapping,23486,24454,139052,163180,0,0,46484,38,4,9.688495518639684,3.9584526048908155,-0.02301025390625,0.0,2.5158818019245506
case_012,5,holdout,map_locality@b2a_w4,scene_b_fixed_partition_mapping,23024,24454,719316,163180,0,0,279302,248,5,11.704881995916367,5.847714075406887,0.5303726196289062,0.0,2.56636553161918
case_013,1,holdout,stage1_actual_winner,verified_stage1_global_fallback,263949,263949,0,0,0,0,0,0,1,0.4491104446351528,0.0,0.0,0.0,1.0
case_013,2,holdout,stage1_actual_winner,verified_stage1_global_fallback,165065,165065,40960,40960,0,0,16384,8,2,10.633996855467558,0.0,0.0,0.0,1.5990609759791596
case_013,3,holdout,stage1_actual_winner,verified_stage1_global_fallback,89317,89317,53248,53248,0,0,18432,9,3,27.53004202619195,0.0,0.0,0.0,2.9551933002675863
case_013,4,holdout,stage1_actual_winner,verified_stage1_global_fallback,83671,83671,143360,143360,0,0,59392,29,4,37.33166306652129,0.0,0.0,0.0,3.154605538358571
case_013,5,holdout,stage1_actual_winner,verified_stage1_global_fallback,67008,67008,188416,188416,0,0,77824,38,5,47.114754132926464,0.0,0.0,0.0,3.939066977077364
case_014,1,holdout,stage1_actual_winner,verified_stage1_global_fallback,17698626,17698626,71010720,71010720,71010720,71010720,0,0,1,3.706938486546278,0.0,0.0,0.0,1.0
case_014,2,holdout,stage1_actual_winner,verified_stage1_global_fallback,11605741,11605741,271040064,271040064,147495792,147495792,60725760,10604,2,251.15104661509395,0.0,0.0,0.0,1.5249888826572986
case_014,3,holdout,stage1_actual_winner,verified_stage1_global_fallback,8569571,8569571,266112576,266112576,89363616,89363616,86281728,15141,3,728.6092116013169,0.0,0.0,0.0,2.065287282175502
case_014,4,holdout,stage1_actual_winner,verified_stage1_global_fallback,7306925,7306925,260873880,260873880,70573608,70573608,92011008,16122,4,829.3114720787853,0.0,0.0,0.0,2.422171570120126
case_014,5,holdout,map_locality@b2a_w4,scene_b_fixed_partition_mapping,6467022,6514638,258260256,258576288,50632608,46509600,100674048,17657,5,958.3739346731454,0.7309078416943505,-0.3013916015625,3.9320068359375,2.736750547624548
case_015,1,holdout,stage1_actual_winner,verified_stage1_global_fallback,177362,177362,180256,180256,180256,180256,0,0,1,0.19237102381885052,0.0,0.0,0.0,1.0
case_015,2,holdout,stage1_actual_winner,verified_stage1_global_fallback,104445,104445,2119358,2119358,786604,786604,480516,154,2,3.2469815723598003,0.0,0.0,0.0,1.6981377758628944
case_015,3,holdout,stage1_actual_winner,verified_stage1_global_fallback,84097,84097,2193056,2193056,375598,375598,682834,200,3,6.195386888459325,0.0,0.0,0.0,2.10901696850066
case_015,4,holdout,map_locality@b2a_w4,scene_b_fixed_partition_mapping,64580,67292,2337036,2446438,163876,16396,766988,223,4,9.397355807945132,4.030196754443321,-0.10433387756347656,0.14064788818359375,2.7463920718488697
case_015,5,holdout,inherit_final_k4,recursive_final_winner_inheritance,64580,64801,2337036,2420572,163876,81920,766988,223,4,10.91850671544671,0.341044119689511,-0.0796661376953125,0.07815933227539062,2.7463920718488697
case_016,1,development,stage1_actual_winner,verified_stage1_global_fallback,7715523,7715523,0,0,0,0,0,0,1,1.561241427436471,0.0,0.0,0.0,1.0
case_016,2,development,stage1_actual_winner,verified_stage1_global_fallback,7715523,7715523,0,0,0,0,0,0,1,25.561235539615154,0.0,0.0,0.0,1.0
case_016,3,development,stage1_actual_winner,verified_stage1_global_fallback,7715523,7715523,0,0,0,0,0,0,1,32.1431765537709,0.0,0.0,0.0,1.0
case_016,4,development,stage1_actual_winner,verified_stage1_global_fallback,7715523,7715523,0,0,0,0,0,0,1,36.592232352122664,0.0,0.0,0.0,1.0
case_016,5,development,stage1_actual_winner,verified_stage1_global_fallback,7715523,7715523,0,0,0,0,0,0,1,40.92503651045263,0.0,0.0,0.0,1.0
case_017,1,validation,stage1_actual_winner,verified_stage1_global_fallback,162810,162810,22528,22528,22528,22528,0,0,1,0.26296080462634563,0.0,0.0,0.0,1.0
case_017,2,validation,stage1_actual_winner,verified_stage1_global_fallback,87619,87619,1067284,1067284,43036,43036,383868,196,2,4.8546722289174795,0.0,0.0,0.0,1.8581586185644665
case_017,3,validation,stage1_actual_winner,verified_stage1_global_fallback,64187,64187,1392040,1392040,94264,94264,501176,276,3,10.940543416887522,0.0,0.0,0.0,2.5364949288796796
case_017,4,validation,stage1_actual_winner,verified_stage1_global_fallback,61400,61400,1489064,1489064,0,0,590676,325,4,12.756745072081685,0.0,0.0,0.0,2.651628664495114
case_017,5,validation,map_locality@b2a_w4,scene_b_fixed_partition_mapping,58680,60625,1412536,403724,0,47116,520156,308,5,19.587205776944757,3.2082474226804125,0.9620780944824219,-0.044933319091796875,2.7745398773006134
case_018,1,validation,stage1_actual_winner,verified_stage1_global_fallback,1004367,1004367,1970176,1970176,1970176,1970176,0,0,1,0.500985523685813,0.0,0.0,0.0,1.0
case_018,2,validation,stage1_actual_winner,verified_stage1_global_fallback,582918,582918,7888080,7888080,2981120,2981120,2428392,651,2,7.660765638574958,0.0,0.0,0.0,1.722998775127891
case_018,3,validation,stage1_actual_winner,verified_stage1_global_fallback,419178,419178,7371192,7371192,671744,671744,3315932,905,3,18.094282077625394,0.0,0.0,0.0,2.3960393913802727
case_018,4,validation,map_locality@b2a_w4,scene_b_fixed_partition_mapping,349301,349320,7108800,7117472,0,0,3517536,958,4,26.06862752325833,0.005439138898431238,-0.008270263671875,0.0,2.8753625096979394
case_018,5,validation,stage1_actual_winner,verified_stage1_global_fallback,286518,286518,7652228,7652228,0,0,3792322,1024,5,24.089504934847355,0.0,0.0,0.0,3.5054237430109105
case_019,1,validation,stage1_actual_winner,verified_stage1_global_fallback,81144,81144,0,0,0,0,0,0,1,0.10727321356534958,0.0,0.0,0.0,1.0
case_019,2,validation,stage1_actual_winner,verified_stage1_global_fallback,41969,41969,451616,451616,0,0,195072,67,2,1.6008999682962894,0.0,0.0,0.0,1.933427053301246
case_019,3,validation,map_locality@b2a_w4,scene_b_fixed_partition_mapping,33348,34294,693324,722508,0,0,296454,102,3,2.9225148502737284,2.75850002915962,-0.02783203125,0.0,2.433249370277078
case_019,4,validation,map_locality@b1,scene_b_fixed_partition_mapping,23610,25339,159540,177208,0,0,58890,20,4,4.042466215789318,6.823473696673113,-0.016849517822265625,0.0,3.436848792884371
case_019,5,validation,stage1_actual_winner,verified_stage1_global_fallback,22886,22886,212240,212240,0,0,83976,30,5,4.522382102906704,0.0,0.0,0.0,3.5455737131871015
case_020,1,holdout,stage1_actual_winner,verified_stage1_global_fallback,532746,532746,0,0,0,0,0,0,1,0.6184885762631893,0.0,0.0,0.0,1.0
case_020,2,holdout,stage1_actual_winner,verified_stage1_global_fallback,266580,266580,0,0,0,0,0,0,2,33.25113112665713,0.0,0.0,0.0,1.9984469952734638
case_020,3,holdout,stage1_actual_winner,verified_stage1_global_fallback,177950,177950,0,0,0,0,0,0,3,49.41090111993253,0.0,0.0,0.0,2.993796010115201
case_020,4,holdout,stage1_actual_winner,verified_stage1_global_fallback,133704,133704,0,0,0,0,0,0,4,54.878985710442066,0.0,0.0,0.0,3.984518039849219
case_020,5,holdout,stage1_actual_winner,verified_stage1_global_fallback,133566,133566,466944,466944,0,0,204800,50,5,87.14678187854588,0.0,0.0,0.0,3.98863483221778
case_021,1,holdout,stage1_actual_winner,verified_stage1_global_fallback,6567937,6567937,4501504,4501504,4501504,4501504,0,0,1,0.7601146157830954,0.0,0.0,0.0,1.0
case_021,2,holdout,stage1_actual_winner,verified_stage1_global_fallback,3215396,3215396,5017600,5017600,3276800,3276800,0,0,2,19.740345479920506,0.0,0.0,0.0,2.0426526001773966
case_021,3,holdout,stage1_actual_winner,verified_stage1_global_fallback,2784961,2784961,65814528,65814528,29122560,29122560,18345984,1493,3,21.356900691986084,0.0,0.0,0.0,2.3583586987394076
case_021,4,holdout,map_locality@b0,scene_b_fixed_partition_mapping,1588497,1588859,5427200,6635520,1638400,2027520,0,0,4,44.285335110500455,0.022783645370671658,-1.15234375,-0.37109375,4.13468643629796
case_021,5,holdout,map_locality@b0,scene_b_fixed_partition_mapping,1269404,1271102,4245504,6840320,1224704,2027520,0,0,5,36.612238662317395,0.1335848735978702,-2.474609375,-0.765625,5.174032065441735
case_022,1,holdout,stage1_actual_winner,verified_stage1_global_fallback,56780,56780,0,0,0,0,0,0,1,0.21596436016261578,0.0,0.0,0.0,1.0
case_022,2,holdout,stage1_actual_winner,verified_stage1_global_fallback,29058,29058,693464,693464,8192,8192,296044,137,2,4.700741499662399,0.0,0.0,0.0,1.9540229885057472
case_022,3,holdout,stage1_actual_winner,verified_stage1_global_fallback,22450,22450,893256,893256,0,0,377124,234,3,6.6748973950743675,0.0,0.0,0.0,2.529175946547884
case_022,4,holdout,map_locality@b2a_w4,scene_b_fixed_partition_mapping,20969,21896,852016,931884,0,0,358552,217,4,10.391236528754234,4.233649981731823,-0.07616806030273438,0.0,2.707806762363489
case_022,5,holdout,map_locality@b2a_w4,scene_b_fixed_partition_mapping,19350,21407,855484,989652,0,0,357598,201,5,12.506964653730392,9.609006399775774,-0.12795257568359375,0.0,2.9343669250645994
case_023,1,holdout,stage1_actual_winner,verified_stage1_global_fallback,122614,122614,0,0,0,0,0,0,1,0.16856740042567253,0.0,0.0,0.0,1.0
case_023,2,holdout,stage1_actual_winner,verified_stage1_global_fallback,57858,57858,1109964,1109964,0,0,518886,169,2,3.840689692646265,0.0,0.0,0.0,2.1192229250924677
case_023,3,holdout,stage1_actual_winner,verified_stage1_global_fallback,38688,38688,1128212,1128212,0,0,516106,164,3,4.994932644069195,0.0,0.0,0.0,3.1693031430934657
case_023,4,holdout,stage1_actual_winner,verified_stage1_global_fallback,32530,32530,1233352,1233352,0,0,499812,178,4,6.16767087392509,0.0,0.0,0.0,3.7692591454042423
case_023,5,holdout,stage1_actual_winner,verified_stage1_global_fallback,32530,32530,1233352,1233352,0,0,499812,178,4,8.82421300560236,0.0,0.0,0.0,3.7692591454042423
case_024,1,development,stage1_actual_winner,verified_stage1_global_fallback,2555343,2555343,0,0,0,0,0,0,1,0.8956909291446209,0.0,0.0,0.0,1.0
case_024,2,development,stage1_actual_winner,verified_stage1_global_fallback,2555343,2555343,0,0,0,0,0,0,1,8.621157618239522,0.0,0.0,0.0,1.0
case_024,3,development,stage1_actual_winner,verified_stage1_global_fallback,2555343,2555343,0,0,0,0,0,0,1,9.839511333033442,0.0,0.0,0.0,1.0
case_024,4,development,stage1_actual_winner,verified_stage1_global_fallback,2555343,2555343,0,0,0,0,0,0,1,11.216797593981028,0.0,0.0,0.0,1.0
case_024,5,development,stage1_actual_winner,verified_stage1_global_fallback,2555343,2555343,0,0,0,0,0,0,1,13.358545798808336,0.0,0.0,0.0,1.0
case_025,1,holdout,stage1_actual_winner,verified_stage1_global_fallback,4863026,4863026,0,0,0,0,0,0,1,1.9200286325067282,0.0,0.0,0.0,1.0
case_025,2,holdout,stage1_actual_winner,verified_stage1_global_fallback,2972392,2972392,18301440,18301440,11410944,11410944,2744832,894,2,240.9413627628237,0.0,0.0,0.0,1.636064825904524
case_025,3,holdout,stage1_actual_winner,verified_stage1_global_fallback,2049989,2049989,18369024,18369024,10025472,10025472,3317760,1081,3,553.2150287143886,0.0,0.0,0.0,2.372220533866279
case_025,4,holdout,map_locality@b1,scene_b_fixed_partition_mapping,1560638,1560638,17826816,18659328,5007360,2912256,5096448,1661,4,760.312465550378,0.0,-0.7939453125,1.998046875,3.116049974433533
case_025,5,holdout,stage1_actual_winner,verified_stage1_global_fallback,975534,975534,264192,264192,0,0,67584,22,5,1291.6849990282208,0.0,0.0,0.0,4.984988734375224
case_026,1,validation,stage1_actual_winner,verified_stage1_global_fallback,99203,99203,0,0,0,0,0,0,1,0.05562681891024113,0.0,0.0,0.0,1.0
case_026,2,validation,stage1_actual_winner,verified_stage1_global_fallback,64737,64737,1162372,1162372,218624,218624,317186,59,2,1.512397451326251,0.0,0.0,0.0,1.532400327478876
case_026,3,validation,stage1_actual_winner,verified_stage1_global_fallback,54100,54100,1137420,1137420,98304,98304,360198,79,3,2.6453213915228844,0.0,0.0,0.0,1.8336968576709796
case_026,4,validation,stage1_actual_winner,verified_stage1_global_fallback,54100,54100,1137420,1137420,98304,98304,360198,79,3,3.7773383110761642,0.0,0.0,0.0,1.8336968576709796
case_026,5,validation,stage1_actual_winner,verified_stage1_global_fallback,54100,54100,1137420,1137420,98304,98304,360198,79,3,3.9183339327573776,0.0,0.0,0.0,1.8336968576709796
case_027,1,validation,stage1_actual_winner,verified_stage1_global_fallback,2363952,2363952,1400832,1400832,1400832,1400832,0,0,1,0.1329349521547556,0.0,0.0,0.0,1.0
case_027,2,validation,stage1_actual_winner,verified_stage1_global_fallback,1120962,1120962,1744896,1744896,638976,638976,0,0,2,3.4645258132368326,0.0,0.0,0.0,2.10886006840553
case_027,3,validation,stage1_actual_winner,verified_stage1_global_fallback,744579,744579,3883008,3883008,0,0,98304,8,3,6.5572837591171265,0.0,0.0,0.0,3.174884062000137
case_027,4,validation,stage1_actual_winner,verified_stage1_global_fallback,559196,559196,3317760,3317760,0,0,0,0,4,8.576636711135507,0.0,0.0,0.0,4.227412213249022
case_027,5,validation,stage1_actual_winner,verified_stage1_global_fallback,559196,559196,3317760,3317760,0,0,0,0,4,9.503017028793693,0.0,0.0,0.0,4.227412213249022
case_028,1,holdout,stage1_actual_winner,verified_stage1_global_fallback,43836040,43836040,277412256,277412256,277412256,277412256,0,0,1,1.949904778972268,0.0,0.0,0.0,1.0
case_028,2,holdout,stage1_actual_winner,verified_stage1_global_fallback,20313124,20313124,33610752,33610752,12192768,12192768,9639936,1491,2,74.69282186962664,0.0,0.0,0.0,2.1580156749892336
case_028,3,holdout,stage1_actual_winner,verified_stage1_global_fallback,13692563,13692563,25918464,25918464,17379840,17379840,2131200,943,3,79.6220625564456,0.0,0.0,0.0,3.201448844894853
case_028,4,holdout,stage1_actual_winner,verified_stage1_global_fallback,10209084,10209084,33845760,33845760,6237696,6237696,10596864,2102,4,106.78371105343103,0.0,0.0,0.0,4.293826948627321
case_028,5,holdout,map_locality@b2a_w16,scene_b_fixed_partition_mapping,8156752,8157094,39562752,41620992,3926016,2463744,13542144,2609,5,140.82565042376518,0.004192669595324021,-1.962890625,1.39453125,5.374202868985106
case_029,1,holdout,stage1_actual_winner,verified_stage1_global_fallback,37555,37555,0,0,0,0,0,0,1,0.07278326712548733,0.0,0.0,0.0,1.0
case_029,2,holdout,stage1_actual_winner,verified_stage1_global_fallback,20818,20818,778492,778492,0,0,344190,231,2,2.5433300025761127,0.0,0.0,0.0,1.8039677202420983
case_029,3,holdout,stage1_actual_winner,verified_stage1_global_fallback,12743,12743,0,0,0,0,0,0,3,4.331820668652654,0.0,0.0,0.0,2.9471082162756024
case_029,4,holdout,map_locality@b1,scene_b_fixed_partition_mapping,12408,12683,239710,292992,0,0,77862,57,4,5.7264908496290445,2.168256721595837,-0.05081367492675781,0.0,3.0266763378465504
case_029,5,holdout,inherit_final_k4,recursive_final_winner_inheritance,12408,12683,239710,292992,0,0,77862,57,4,8.242641622200608,2.168256721595837,-0.05081367492675781,0.0,3.0266763378465504
case_030,1,holdout,stage1_actual_winner,verified_stage1_global_fallback,2808034,2808034,5519360,5519360,5519360,5519360,0,0,1,0.932012639939785,0.0,0.0,0.0,1.0
case_030,2,holdout,stage1_actual_winner,verified_stage1_global_fallback,2079367,2079367,62935040,62935040,27154432,27154432,17890304,3696,2,76.40374198555946,0.0,0.0,0.0,1.3504273175442334
case_030,3,holdout,stage1_actual_winner,verified_stage1_global_fallback,1580290,1580290,60070912,60070912,12669952,12669952,23700480,4898,3,117.9735919944942,0.0,0.0,0.0,1.7769105670478202
case_030,4,holdout,stage1_actual_winner,verified_stage1_global_fallback,1344466,1344466,59923456,59923456,11955200,11955200,23979520,4986,4,145.39037767797709,0.0,0.0,0.0,2.088586844144813
case_030,5,holdout,stage1_actual_winner,verified_stage1_global_fallback,1344466,1344466,59923456,59923456,11955200,11955200,23979520,4986,4,200.14334996975958,0.0,0.0,0.0,2.088586844144813
case_031,1,validation,stage1_actual_winner,verified_stage1_global_fallback,1414369,1414369,3491328,3491328,3491328,3491328,0,0,1,0.5130168069154024,0.0,0.0,0.0,1.0
case_031,2,validation,stage1_actual_winner,verified_stage1_global_fallback,857984,857984,15429704,15429704,6500224,6500224,4422754,1118,2,26.201515793800354,0.0,0.0,0.0,1.648479458824407
case_031,3,validation,map_locality@b2a_w4,scene_b_fixed_partition_mapping,657059,657311,14720456,14732488,2847424,2844352,5865218,1481,3,37.70201637595892,0.038338016555329216,-0.011474609375,0.0029296875,2.1525753395052805
case_031,4,validation,stage1_actual_winner,verified_stage1_global_fallback,533935,533935,13832164,13832164,591104,591104,6530034,1647,4,36.486054480075836,0.0,0.0,0.0,2.648953524305393
case_031,5,validation,map_locality@b2a_w4,scene_b_fixed_partition_mapping,447026,449197,14328876,14569512,441344,499712,6837140,1740,5,78.57023818790913,0.4833068787191366,-0.22948837280273438,-0.0556640625,3.1639524322970027
case_032,1,validation,stage1_actual_winner,verified_stage1_global_fallback,41443,41443,0,0,0,0,0,0,1,0.06793188862502575,0.0,0.0,0.0,1.0
case_032,2,validation,stage1_actual_winner,verified_stage1_global_fallback,20967,20967,417080,417080,0,0,168092,111,2,2.046500016003847,0.0,0.0,0.0,1.9765822482949396
case_032,3,validation,stage1_actual_winner,verified_stage1_global_fallback,19275,19275,559060,559060,0,0,223978,163,3,3.9832529928535223,0.0,0.0,0.0,2.1500907911802853
case_032,4,validation,stage1_actual_winner,verified_stage1_global_fallback,17051,17051,163950,163950,0,0,36916,42,4,6.1862822491675615,0.0,0.0,0.0,2.430531933610932
case_032,5,validation,stage1_actual_winner,verified_stage1_global_fallback,17051,17051,163950,163950,0,0,36916,42,4,7.01351978443563,0.0,0.0,0.0,2.430531933610932
case_033,1,holdout,stage1_actual_winner,verified_stage1_global_fallback,1774196,1774196,4592640,4592640,4592640,4592640,0,0,1,0.31144826114177704,0.0,0.0,0.0,1.0
case_033,2,holdout,stage1_actual_winner,verified_stage1_global_fallback,1096366,1096366,5084160,5084160,2752512,2752512,313344,51,2,15.725850144401193,0.0,0.0,0.0,1.6182515692752237
case_033,3,holdout,map_locality@b1,scene_b_fixed_partition_mapping,747256,747400,6572036,6608900,2314752,1961472,634882,104,3,24.071257716044784,0.019266791544019266,-0.03515625,0.3369140625,2.3742813707752095
case_033,4,holdout,stage1_actual_winner,verified_stage1_global_fallback,561362,561362,7299076,7299076,1371648,1371648,1024002,161,4,37.78641573153436,0.0,0.0,0.0,3.1605203059701226
case_033,5,holdout,stage1_actual_winner,verified_stage1_global_fallback,561362,561362,7299076,7299076,1371648,1371648,1024002,161,4,43.91544468514621,0.0,0.0,0.0,3.1605203059701226
case_034,1,holdout,stage1_actual_winner,verified_stage1_global_fallback,842996,842996,1079832,1079832,1079832,1079832,0,0,1,0.32715450040996075,0.0,0.0,0.0,1.0
case_034,2,holdout,stage1_actual_winner,verified_stage1_global_fallback,547325,547325,12242376,12242376,4630624,4630624,3714228,969,2,12.737536272034049,0.0,0.0,0.0,1.540211026355456
case_034,3,holdout,map_locality@b2a_w4,scene_b_fixed_partition_mapping,385163,390295,11577064,11452144,1682504,1393736,4795728,1255,3,27.835188783705235,1.3149028299107086,0.11913299560546875,0.275390625,2.1886733668602645
case_034,4,holdout,map_locality@b2a_w4,scene_b_fixed_partition_mapping,328195,338094,11592720,11977968,526408,439368,5377252,1401,4,49.133928893134,2.92788396126521,-0.367401123046875,0.0830078125,2.5685827023568306
case_034,5,holdout,map_locality@b2a_w4,scene_b_fixed_partition_mapping,291447,292576,11992344,12138512,599108,287772,5478762,1477,5,64.90977049432695,0.38588264245871157,-0.13939666748046875,0.29691314697265625,2.892450428379774
case_035,1,holdout,stage1_actual_winner,verified_stage1_global_fallback,169571,169571,0,0,0,0,0,0,1,0.31199281103909016,0.0,0.0,0.0,1.0
case_035,2,holdout,stage1_actual_winner,verified_stage1_global_fallback,105261,105261,43008,43008,0,0,21504,21,2,9.606074582785368,0.0,0.0,0.0,1.610957524629255
case_035,3,holdout,map_locality@b2a_w4,scene_b_fixed_partition_mapping,98946,98946,74240,167936,0,0,34816,31,3,20.105963611975312,0.0,-0.08935546875,0.0,1.713773169203404
case_035,4,holdout,stage1_actual_winner,verified_stage1_global_fallback,95602,95602,1417128,1417128,0,0,567758,514,4,20.420545905828476,0.0,0.0,0.0,1.773718123051819
case_035,5,holdout,stage1_actual_winner,verified_stage1_global_fallback,95602,95602,1417128,1417128,0,0,567758,514,4,24.685579219833016,0.0,0.0,0.0,1.773718123051819
case_036,1,holdout,stage1_actual_winner,verified_stage1_global_fallback,931510,931510,0,0,0,0,0,0,1,0.2756980136036873,0.0,0.0,0.0,1.0
case_036,2,holdout,stage1_actual_winner,verified_stage1_global_fallback,466068,466068,1152,1152,0,0,0,0,2,15.397138701751828,0.0,0.0,0.0,1.998656848356892
case_036,3,holdout,stage1_actual_winner,verified_stage1_global_fallback,388000,388000,88320,88320,0,0,28672,7,3,29.5153921674937,0.0,0.0,0.0,2.400798969072165
case_036,4,holdout,stage1_actual_winner,verified_stage1_global_fallback,233584,233584,3456,3456,0,0,0,0,4,35.49532204866409,0.0,0.0,0.0,3.987901568600589
case_036,5,holdout,stage1_actual_winner,verified_stage1_global_fallback,187182,187182,4608,4608,0,0,0,0,5,44.66849575936794,0.0,0.0,0.0,4.976493466252097
case_037,1,holdout,stage1_actual_winner,verified_stage1_global_fallback,210001,210001,0,0,0,0,0,0,1,0.07045181654393673,0.0,0.0,0.0,1.0
case_037,2,holdout,stage1_actual_winner,verified_stage1_global_fallback,125692,125692,1966080,1966080,0,0,983040,240,2,1.636724065989256,0.0,0.0,0.0,1.670758679947809
case_037,3,holdout,map_locality@b1,scene_b_fixed_partition_mapping,85497,87130,921600,1105920,0,0,172032,42,3,4.033686209470034,1.874210949156433,-0.17578125,0.0,2.45623823058119
case_037,4,holdout,stage1_actual_winner,verified_stage1_global_fallback,68753,68753,1527808,1527808,0,0,253952,62,4,4.615243012085557,0.0,0.0,0.0,3.054426715925123
case_037,5,holdout,map_locality@b0,scene_b_fixed_partition_mapping,43013,43800,942080,1925120,0,0,0,0,5,6.706332508474588,1.7968036529680365,-0.9375,0.0,4.882268151489085
case_038,1,holdout,stage1_actual_winner,verified_stage1_global_fallback,1364555,1364555,5627904,5627904,5627904,5627904,0,0,1,0.5439610425382853,0.0,0.0,0.0,1.0
case_038,2,holdout,stage1_actual_winner,verified_stage1_global_fallback,933300,933300,17434112,17434112,6265344,6265344,5490688,2104,2,31.06348681822419,0.0,0.0,0.0,1.4620754312654023
case_038,3,holdout,map_locality@b2a_w4,scene_b_fixed_partition_mapping,686873,699260,17070080,17637888,3851264,3589632,6476800,2476,3,65.27659435756505,1.7714440980465063,-0.54150390625,0.24951171875,1.986619069318491
case_038,4,holdout,inherit_final_k3,recursive_final_winner_inheritance,686873,693950,17070080,18244096,3851264,2015744,6476800,2476,3,90.66519317962229,1.019814107644643,-1.11962890625,1.75048828125,1.986619069318491
case_038,5,holdout,map_locality@b2a_w4,scene_b_fixed_partition_mapping,686276,693950,18753024,18244096,2237952,2015744,8017920,3080,5,108.40978055819869,1.1058433604726565,0.4853515625,0.2119140625,1.9883472538745344
case_039,1,holdout,stage1_actual_winner,verified_stage1_global_fallback,1435262,1435262,7929856,7929856,7929856,7929856,0,0,1,0.5342005435377359,0.0,0.0,0.0,1.0
case_039,2,holdout,map_locality@b1,scene_b_fixed_partition_mapping,865123,865589,11845632,12152832,4841472,5165056,2908160,710,2,19.885982528328896,0.05383617398095401,-0.29296875,-0.30859375,1.65902651992838
case_039,3,holdout,map_locality@b1,scene_b_fixed_partition_mapping,584952,693126,12587008,12627968,7081984,5459968,1425408,348,3,38.040028519928455,15.606686230209226,-0.0390625,1.546875,2.4536406405995708
case_039,4,holdout,stage1_actual_winner,verified_stage1_global_fallback,558169,558169,13959168,13959168,3604480,3604480,3403776,831,4,63.77029248699546,0.0,0.0,0.0,2.5713753361437126
case_039,5,holdout,map_locality@b1,scene_b_fixed_partition_mapping,504900,533010,13557760,14618624,2359296,1183744,3186688,778,5,70.92282616533339,5.273822254741937,-1.01171875,1.12109375,2.84266587443058
case_040,1,holdout,stage1_actual_winner,verified_stage1_global_fallback,253454,253454,0,0,0,0,0,0,1,0.24156435020267963,0.0,0.0,0.0,1.0
case_040,2,holdout,stage1_actual_winner,verified_stage1_global_fallback,145181,145181,179566,179566,0,0,34998,38,2,7.06123055331409,0.0,0.0,0.0,1.7457794063961538
case_040,3,holdout,map_locality@b2a_w4,scene_b_fixed_partition_mapping,127386,127386,277296,300988,896,0,31704,93,3,12.633501686155796,0.0,-0.022594451904296875,0.0008544921875,1.9896534941045327
case_040,4,holdout,stage1_actual_winner,verified_stage1_global_fallback,123991,123991,436288,436288,0,0,105504,107,4,15.248539259657264,0.0,0.0,0.0,2.0441322354041827
case_040,5,holdout,stage1_actual_winner,verified_stage1_global_fallback,121977,121977,479102,479102,0,0,108990,55,5,19.62279069982469,0.0,0.0,0.0,2.077883535420612
case_041,1,holdout,stage1_actual_winner,verified_stage1_global_fallback,6003957,6003957,30898176,30898176,30898176,30898176,0,0,1,1.7539264671504498,0.0,0.0,0.0,1.0
case_041,2,holdout,stage1_actual_winner,verified_stage1_global_fallback,3714990,3714990,24925192,24925192,17703936,17703936,1826820,448,2,156.45164830982685,0.0,0.0,0.0,1.6161435158641073
case_041,3,holdout,stage1_actual_winner,verified_stage1_global_fallback,3304486,3304486,103015436,103015436,29940736,29940736,36517894,8923,3,167.93352063558996,0.0,0.0,0.0,1.8169110112737654
case_041,4,holdout,stage1_actual_winner,verified_stage1_global_fallback,2174064,2174064,28411908,28411908,11627520,11627520,2441218,597,4,285.7861617524177,0.0,0.0,0.0,2.761628452520257
case_041,5,holdout,stage1_actual_winner,verified_stage1_global_fallback,2112003,2112003,30204936,30204936,12973056,12973056,2777092,680,5,352.8172579538077,0.0,0.0,0.0,2.8427786324167155
case_042,1,validation,stage1_actual_winner,verified_stage1_global_fallback,1686740,1686740,6629376,6629376,6629376,6629376,0,0,1,0.4454053156077862,0.0,0.0,0.0,1.0
case_042,2,validation,stage1_actual_winner,verified_stage1_global_fallback,987912,987912,17884172,17884172,8314372,8314372,4651012,1106,2,12.790641820058227,0.0,0.0,0.0,1.7073787948724177
case_042,3,validation,map_locality@b2a_w4,scene_b_fixed_partition_mapping,713847,718407,17431836,17628444,4905604,4913796,6178828,1481,3,39.862488847225904,0.6347376904735059,-0.1875,-0.0078125,2.362887285370675
case_042,4,validation,map_locality@b2a_w4,scene_b_fixed_partition_mapping,570782,570782,16404764,16601372,2400256,2203648,6822926,1675,4,45.17693692818284,0.0,-0.1875,0.1875,2.9551387394837256
case_042,5,validation,stage1_actual_winner,verified_stage1_global_fallback,486817,486817,15667992,15667992,598016,598016,7304204,1788,5,53.47209062054753,0.0,0.0,0.0,3.464833808186649
case_043,1,holdout,stage1_actual_winner,verified_stage1_global_fallback,677656,677656,49160,49160,49160,49160,0,0,1,0.7262331917881966,0.0,0.0,0.0,1.0
case_043,2,holdout,stage1_actual_winner,verified_stage1_global_fallback,340810,340810,1173006,1173006,98304,98304,451334,253,2,24.76623162254691,0.0,0.0,0.0,1.9883688858894986
case_043,3,holdout,stage1_actual_winner,verified_stage1_global_fallback,264491,264491,3342112,3342112,229412,229412,1461814,930,3,43.817862121388316,0.0,0.0,0.0,2.562113644698685
case_043,4,holdout,map_locality@b2a_w16,scene_b_fixed_partition_mapping,245299,249011,5907758,5862672,85004,83916,2589252,1769,4,59.20446396060288,1.490697198115746,0.04299736022949219,0.00103759765625,2.762571392463891
case_043,5,holdout,map_locality@b2a_w8,scene_b_fixed_partition_mapping,221717,222619,4219058,4305042,0,0,1909392,1131,5,73.14675315469503,0.4051765572570176,-0.082000732421875,0.0,3.0564007270529547
case_044,1,development,stage1_actual_winner,verified_stage1_global_fallback,154407,154407,4438112,4438112,4438112,4438112,0,0,1,0.1070402804762125,0.0,0.0,0.0,1.0
case_044,2,development,stage1_actual_winner,verified_stage1_global_fallback,58111,58111,1424480,1424480,238080,238080,128000,111,2,2.0573764201253653,0.0,0.0,0.0,2.6571045068919825
case_044,3,development,map_locality@b2a_w4,scene_b_fixed_partition_mapping,57861,58111,1910240,1424480,434176,238080,28672,44,3,5.328987339511514,0.4302111476312574,0.4632568359375,0.18701171875,2.6685850572924767
case_044,4,development,inherit_final_k3,recursive_final_winner_inheritance,57861,58111,1910240,1424480,434176,238080,28672,44,3,6.424916988238692,0.4302111476312574,0.4632568359375,0.18701171875,2.6685850572924767
case_044,5,development,inherit_final_k4,recursive_final_winner_inheritance,57861,58111,1910240,1424480,434176,238080,28672,44,3,8.092298133298755,0.4302111476312574,0.4632568359375,0.18701171875,2.6685850572924767
case_045,1,holdout,stage1_actual_winner,verified_stage1_global_fallback,125614,125614,0,0,0,0,0,0,1,0.12193508446216583,0.0,0.0,0.0,1.0
case_045,2,holdout,stage1_actual_winner,verified_stage1_global_fallback,78563,78563,94208,94208,0,0,40960,10,2,2.7815277595072985,0.0,0.0,0.0,1.5988951542074514
case_045,3,holdout,stage1_actual_winner,verified_stage1_global_fallback,45671,45671,233472,233472,0,0,106496,26,3,8.434897124767303,0.0,0.0,0.0,2.7504105449847827
case_045,4,holdout,stage1_actual_winner,verified_stage1_global_fallback,39561,39561,352256,352256,0,0,159744,39,4,6.839463584125042,0.0,0.0,0.0,3.175197795809004
case_045,5,holdout,stage1_actual_winner,verified_stage1_global_fallback,29147,29147,356352,356352,0,0,167936,41,5,11.355254484340549,0.0,0.0,0.0,4.309671664322229
case_046,1,validation,stage1_actual_winner,verified_stage1_global_fallback,276455,276455,3176288,3176288,3176288,3176288,0,0,1,0.07641598582267761,0.0,0.0,0.0,1.0
case_046,2,validation,stage1_actual_winner,verified_stage1_global_fallback,112634,112634,930400,930400,0,0,0,0,2,1.455457217991352,0.0,0.0,0.0,2.4544542500488307
case_046,3,validation,map_locality@b2a_w16,scene_b_fixed_partition_mapping,89453,93107,2918592,2513088,433152,418816,312320,97,3,2.8684713393449783,3.9245169536125104,0.38671875,0.013671875,3.0905056286541535
case_046,4,validation,stage1_actual_winner,verified_stage1_global_fallback,80768,80768,2791200,2791200,0,0,0,0,4,2.761003350839019,0.0,0.0,0.0,3.422828347860539
case_046,5,validation,stage1_actual_winner,verified_stage1_global_fallback,80768,80768,2791200,2791200,0,0,0,0,4,5.813543995842338,0.0,0.0,0.0,3.422828347860539
case_047,1,development,stage1_actual_winner,verified_stage1_global_fallback,326508,326508,0,0,0,0,0,0,1,1.0761095266789198,0.0,0.0,0.0,1.0
case_047,2,development,map_locality@b2a_w16,scene_b_fixed_partition_mapping,249861,250591,560452,557764,0,0,247936,647,2,32.99061772599816,0.2913113399922583,0.0025634765625,0.0,1.3067585577581136
case_047,3,development,stage1_actual_winner,verified_stage1_global_fallback,230393,230393,849672,849672,0,0,361280,906,3,42.91864201053977,0.0,0.0,0.0,1.4171784733043105
case_047,4,development,stage1_actual_winner,verified_stage1_global_fallback,209241,209241,1084300,1084300,0,0,447584,1194,4,62.852039624005556,0.0,0.0,0.0,1.560439875550203
case_047,5,development,stage1_actual_winner,verified_stage1_global_fallback,201442,201442,1304976,1304976,0,0,527168,1370,5,82.01060259714723,0.0,0.0,0.0,1.6208536452179785
case_048,1,development,stage1_actual_winner,verified_stage1_global_fallback,222220,222220,0,0,0,0,0,0,1,0.12708280235528946,0.0,0.0,0.0,1.0
case_048,2,development,stage1_actual_winner,verified_stage1_global_fallback,164258,164258,325572,325572,0,0,121792,113,2,3.357921516522765,0.0,0.0,0.0,1.3528717018349183
case_048,3,development,stage1_actual_winner,verified_stage1_global_fallback,151763,151763,487976,487976,0,0,202704,203,3,4.99626250565052,0.0,0.0,0.0,1.4642567687776336
case_048,4,development,stage1_actual_winner,verified_stage1_global_fallback,151763,151763,487976,487976,0,0,202704,203,3,5.96842036396265,0.0,0.0,0.0,1.4642567687776336
case_048,5,development,map_locality@b2a_w16,scene_b_fixed_partition_mapping,151418,151763,489456,487976,0,0,203408,207,5,9.763146420940757,0.22732813663409396,0.00141143798828125,0.0,1.4675930206448375
case_049,1,holdout,stage1_actual_winner,verified_stage1_global_fallback,196276,196276,0,0,0,0,0,0,1,0.318591495975852,0.0,0.0,0.0,1.0
case_049,2,holdout,map_locality@b2a_w16,scene_b_fixed_partition_mapping,120187,120499,1365816,1396528,0,0,673882,497,2,10.61718963086605,0.25892331056689266,-0.02928924560546875,0.0,1.6330884371853862
case_049,3,holdout,stage1_actual_winner,verified_stage1_global_fallback,97824,97824,1650932,1650932,0,0,806134,637,3,18.48587724380195,0.0,0.0,0.0,2.0064196925089957
case_049,4,holdout,stage1_actual_winner,verified_stage1_global_fallback,86219,86219,2250304,2250304,0,0,1094042,817,4,23.998767910525203,0.0,0.0,0.0,2.276481981929737
case_049,5,holdout,map_locality@b2a_w16,scene_b_fixed_partition_mapping,82826,84557,2339072,2413584,0,0,1140344,850,5,22.15236446261406,2.047139799188713,-0.0710601806640625,0.0,2.3697389708545624
case_050,1,development,stage1_actual_winner,verified_stage1_global_fallback,149690,149690,0,0,0,0,0,0,1,0.33449452370405197,0.0,0.0,0.0,1.0
case_050,2,development,stage1_actual_winner,verified_stage1_global_fallback,81891,81891,1176512,1176512,0,0,551134,696,2,8.055102288722992,0.0,0.0,0.0,1.827917597782418
case_050,3,development,stage1_actual_winner,verified_stage1_global_fallback,53248,53248,1479980,1479980,0,0,652562,908,3,19.576333472505212,0.0,0.0,0.0,2.8111853966346154
case_050,4,development,map_locality@b2a_w16,scene_b_fixed_partition_mapping,44776,46748,1737528,1747432,0,0,757654,1039,4,24.73950402624905,4.218362282878412,-0.0094451904296875,0.0,3.343085581561551
case_050,5,development,map_locality@b2a_w16,scene_b_fixed_partition_mapping,42067,42140,1663544,1696052,0,0,704660,1081,5,31.000339711084962,0.17323208353108685,-0.031002044677734375,0.0,3.5583711698005565
case_051,1,development,stage1_actual_winner,verified_stage1_global_fallback,607628,607628,0,0,0,0,0,0,1,0.09539665654301643,0.0,0.0,0.0,1.0
case_051,2,development,stage1_actual_winner,verified_stage1_global_fallback,607628,607628,0,0,0,0,0,0,1,1.7490777093917131,0.0,0.0,0.0,1.0
case_051,3,development,stage1_actual_winner,verified_stage1_global_fallback,607628,607628,0,0,0,0,0,0,1,2.194889884442091,0.0,0.0,0.0,1.0
case_051,4,development,stage1_actual_winner,verified_stage1_global_fallback,607628,607628,0,0,0,0,0,0,1,2.5072172563523054,0.0,0.0,0.0,1.0
case_051,5,development,stage1_actual_winner,verified_stage1_global_fallback,607628,607628,0,0,0,0,0,0,1,2.8653132375329733,0.0,0.0,0.0,1.0
case_052,1,holdout,stage1_actual_winner,verified_stage1_global_fallback,180301,180301,0,0,0,0,0,0,1,0.08925977721810341,0.0,0.0,0.0,1.0
case_052,2,holdout,stage1_actual_winner,verified_stage1_global_fallback,96545,96545,1204196,1204196,9216,9216,545010,199,2,2.9757829047739506,0.0,0.0,0.0,1.8675332746387694
case_052,3,holdout,map_locality@b2a_w4,scene_b_fixed_partition_mapping,68630,69389,1727452,1827640,0,0,765422,275,3,6.920561695471406,1.0938333165199094,-0.09554672241210938,0.0,2.6271455631647966
case_052,4,holdout,map_locality@b2a_w4,scene_b_fixed_partition_mapping,58845,62274,2019260,2080652,0,0,917854,298,4,8.653422556817532,5.506310819924848,-0.0585479736328125,0.0,3.063998640496219
case_052,5,holdout,map_locality@b2a_w4,scene_b_fixed_partition_mapping,57456,57870,2069636,2199428,0,0,909506,320,5,13.507329368963838,0.7153965785381027,-0.123779296875,0.0,3.138070871623503
case_053,1,holdout,stage1_actual_winner,verified_stage1_global_fallback,1472686,1472686,5405536,5405536,5405536,5405536,0,0,1,0.9379646573215723,0.0,0.0,0.0,1.0
case_053,2,holdout,stage1_actual_winner,verified_stage1_global_fallback,759149,759149,2489670,2489670,176802,176802,675680,369,2,30.98020894639194,0.0,0.0,0.0,1.9399169333029485
case_053,3,holdout,stage1_actual_winner,verified_stage1_global_fallback,584699,584699,2121568,2121568,248800,248800,192512,73,3,54.4091575704515,0.0,0.0,0.0,2.518707916380907
case_053,4,holdout,map_locality@b2a_w16,scene_b_fixed_partition_mapping,487919,492668,6677398,3424480,647488,1137888,1843030,1204,4,74.93364499695599,0.9639351449657781,3.102224349975586,-0.467681884765625,3.0183001686755384
case_053,5,holdout,stage1_actual_winner,verified_stage1_global_fallback,465992,465992,7790078,7790078,17570,17570,1912680,1293,5,97.77169285714626,0.0,0.0,0.0,3.160324640766365
case_054,1,holdout,stage1_actual_winner,verified_stage1_global_fallback,815051,815051,0,0,0,0,0,0,1,1.2835138700902462,0.0,0.0,0.0,1.0
case_054,2,holdout,stage1_actual_winner,verified_stage1_global_fallback,485507,485507,3211144,3211144,229376,229376,1456066,1213,2,31.457455679774284,0.0,0.0,0.0,1.6787626131034157
case_054,3,holdout,map_locality@b2a_w16,scene_b_fixed_partition_mapping,386490,386727,4062124,4069800,0,0,1955026,1606,3,99.8704013004899,0.0612835411026383,-0.007320404052734375,0.0,2.108854045382804
case_054,4,holdout,stage1_actual_winner,verified_stage1_global_fallback,331197,331197,4961644,4961644,0,0,2361776,1994,4,94.08656164258718,0.0,0.0,0.0,2.4609250687657194
case_054,5,holdout,map_locality@b2a_w16,scene_b_fixed_partition_mapping,271892,272849,5666452,5858448,0,0,2634050,2492,5,103.98709893599153,0.35074345150614444,-0.18310165405273438,0.0,2.9977012931605196
case_055,1,holdout,stage1_actual_winner,verified_stage1_global_fallback,118835,118835,69632,69632,69632,69632,0,0,1,0.09748093597590923,0.0,0.0,0.0,1.0
case_055,2,holdout,stage1_actual_winner,verified_stage1_global_fallback,64648,64648,1167092,1167092,233496,233496,365678,172,2,3.1465194914489985,0.0,0.0,0.0,1.838185249350328
case_055,3,holdout,map_locality@b2a_w4,scene_b_fixed_partition_mapping,50239,52332,1325376,1295176,20480,53272,506016,242,3,7.924355739727616,3.9994649545211343,0.02880096435546875,-0.03127288818359375,2.365393419455005
case_055,4,holdout,map_locality@b2a_w4,scene_b_fixed_partition_mapping,40605,42061,1329744,1403496,0,16384,530472,251,4,8.993499351665378,3.461639048049262,-0.07033538818359375,-0.015625,2.9266100233961336
case_055,5,holdout,map_locality@b2a_w4,scene_b_fixed_partition_mapping,38098,40899,1490812,1609596,0,0,566974,276,5,11.855720723047853,6.848578204846084,-0.11328125,0.0,3.119192608535881
case_056,1,holdout,stage1_actual_winner,verified_stage1_global_fallback,277285,277285,0,0,0,0,0,0,1,0.5925156939774752,0.0,0.0,0.0,1.0
case_056,2,holdout,map_locality@b2a_w16,scene_b_fixed_partition_mapping,188389,188576,1494018,1385798,0,0,737262,771,2,17.5130758266896,0.09916426268454098,0.10320663452148438,0.0,1.4718746848276705
case_056,3,holdout,stage1_actual_winner,verified_stage1_global_fallback,150152,150152,1740710,1740710,0,0,851646,959,3,27.36269603483379,0.0,0.0,0.0,1.8466953487133038
case_056,4,holdout,stage1_actual_winner,verified_stage1_global_fallback,135157,135157,2273974,2273974,0,0,1100868,1135,4,31.67987498641014,0.0,0.0,0.0,2.0515770548325283
case_056,5,holdout,map_locality@b2a_w16,scene_b_fixed_partition_mapping,133714,135157,2254030,2273974,0,0,1077326,1251,5,36.173760617151856,1.0676472546741937,-0.01902008056640625,0.0,2.0737170378569183
case_057,1,holdout,stage1_actual_winner,verified_stage1_global_fallback,59726,59726,94216,94216,94216,94216,0,0,1,0.07581007480621338,0.0,0.0,0.0,1.0
case_057,2,holdout,map_locality@b2a_w4,scene_b_fixed_partition_mapping,30500,31115,802956,722184,0,0,344134,125,2,2.500330535694957,1.976538646954845,0.07703018188476562,0.0,1.9582295081967214
case_057,3,holdout,map_locality@b2a_w4,scene_b_fixed_partition_mapping,20864,21456,736728,671212,0,0,288364,126,3,4.453135423362255,2.759134973900075,0.062480926513671875,0.0,2.8626342024539877
case_057,4,holdout,stage1_actual_winner,verified_stage1_global_fallback,17084,17084,565496,565496,0,0,222332,94,4,6.28172979131341,0.0,0.0,0.0,3.49601966752517
case_057,5,holdout,stage1_actual_winner,verified_stage1_global_fallback,17084,17084,565496,565496,0,0,222332,94,4,7.205735374242067,0.0,0.0,0.0,3.49601966752517
case_058,1,development,stage1_actual_winner,verified_stage1_global_fallback,4539717,4539717,28696576,28696576,28696576,28696576,0,0,1,1.6844357512891293,0.0,0.0,0.0,1.0
case_058,2,development,stage1_actual_winner,verified_stage1_global_fallback,3633043,3633043,116219904,116219904,65036288,65036288,25591808,6248,2,120.03886970318854,0.0,0.0,0.0,1.2495632449161764
case_058,3,development,stage1_actual_winner,verified_stage1_global_fallback,1506765,1506765,29749248,29749248,25153536,25153536,0,0,3,183.7837254330516,0.0,0.0,0.0,3.012889866701178
case_058,4,development,stage1_actual_winner,verified_stage1_global_fallback,1506765,1506765,29749248,29749248,25153536,25153536,0,0,3,208.85459940321743,0.0,0.0,0.0,3.012889866701178
case_058,5,development,stage1_actual_winner,verified_stage1_global_fallback,915736,915736,30818304,30818304,21626880,21626880,0,0,5,318.1939968690276,0.0,0.0,0.0,4.957451710973468
case_059,1,validation,stage1_actual_winner,verified_stage1_global_fallback,829473,829473,1691648,1691648,1691648,1691648,0,0,1,0.23871465399861336,0.0,0.0,0.0,1.0
case_059,2,validation,stage1_actual_winner,verified_stage1_global_fallback,421538,421538,2072576,2072576,1351680,1351680,0,0,2,6.4397369138896465,0.0,0.0,0.0,1.9677300741570154
case_059,3,validation,map_locality@b2a_w4,scene_b_fixed_partition_mapping,342534,351835,9396224,9920512,1712128,1703936,3842048,938,3,13.914404483512044,2.6435687182912444,-0.5,0.0078125,2.4215785878190195
case_059,4,validation,stage1_actual_winner,verified_stage1_global_fallback,185216,185216,1081344,1081344,0,0,0,0,4,15.211508119478822,0.0,0.0,0.0,4.478408992743607
case_059,5,validation,stage1_actual_winner,verified_stage1_global_fallback,185216,185216,1081344,1081344,0,0,0,0,4,20.632028641179204,0.0,0.0,0.0,4.478408992743607
case_060,1,validation,stage1_actual_winner,verified_stage1_global_fallback,888789,888789,2068520,2068520,2068520,2068520,0,0,1,0.4612059202045202,0.0,0.0,0.0,1.0
case_060,2,validation,stage1_actual_winner,verified_stage1_global_fallback,525020,525020,3210298,3210298,1551406,1551406,278534,94,2,25.204482467845082,0.0,0.0,0.0,1.6928669384023465
case_060,3,validation,map_locality@b2a_w4,scene_b_fixed_partition_mapping,427280,427646,14706504,3937368,2699860,1801296,5759930,1780,3,46.19456006772816,0.08558480612469192,10.270248413085938,0.8569374084472656,2.0801090619734133
case_060,4,validation,stage1_actual_winner,verified_stage1_global_fallback,348983,348983,14168036,14168036,675904,675904,6442962,2003,4,63.6991359423846,0.0,0.0,0.0,2.5467974084697533
case_060,5,validation,map_locality@b1,scene_b_fixed_partition_mapping,306448,306965,4455504,4418640,516108,332812,406556,145,5,87.89489164948463,0.16842311012656166,0.03515625,0.1748046875,2.900293035033676
case_061,1,holdout,stage1_actual_winner,verified_stage1_global_fallback,77191,77191,0,0,0,0,0,0,1,0.09689406864345074,0.0,0.0,0.0,1.0
case_061,2,holdout,stage1_actual_winner,verified_stage1_global_fallback,47435,47435,582112,582112,0,0,253168,186,2,3.2962224893271923,0.0,0.0,0.0,1.627300516496258
case_061,3,holdout,stage1_actual_winner,verified_stage1_global_fallback,37105,37105,991376,991376,0,0,434888,262,3,6.139047138392925,0.0,0.0,0.0,2.080339576876432
case_061,4,holdout,map_locality@b2a_w4,scene_b_fixed_partition_mapping,32914,33361,1030100,1037776,0,0,449130,294,4,10.523610357195139,1.3398878930487694,-0.007320404052734375,0.0,2.3452330315367322
case_061,5,holdout,map_locality@b2a_w4,scene_b_fixed_partition_mapping,32628,32921,919820,994572,0,0,409862,270,5,11.399991773068905,0.8900094164818809,-0.0712890625,0.0,2.3657901189162684
case_062,1,validation,stage1_actual_winner,verified_stage1_global_fallback,2854809,2854809,0,0,0,0,0,0,1,1.850036446005106,0.0,0.0,0.0,1.0
case_062,2,validation,stage1_actual_winner,verified_stage1_global_fallback,1784824,1784824,89088,89088,0,0,44544,29,2,183.37192386761308,0.0,0.0,0.0,1.5994904819746933
case_062,3,validation,stage1_actual_winner,verified_stage1_global_fallback,1189955,1189955,167424,167424,0,0,81408,53,3,317.70492160506546,0.0,0.0,0.0,2.3990898815501427
case_062,4,validation,stage1_actual_winner,verified_stage1_global_fallback,892782,892782,330240,330240,0,0,139776,91,4,534.5366878081113,0.0,0.0,0.0,3.197655194661183
case_062,5,validation,map_locality@b1,scene_b_fixed_partition_mapping,715345,715381,410112,419328,0,0,170496,111,5,682.5781642775983,0.005032283496486488,-0.0087890625,0.0,3.9908142225080208
case_063,1,holdout,stage1_actual_winner,verified_stage1_global_fallback,1070397,1070397,0,0,0,0,0,0,1,0.6127602513879538,0.0,0.0,0.0,1.0
case_063,2,holdout,stage1_actual_winner,verified_stage1_global_fallback,663139,663139,26102784,26102784,11045376,11045376,5646336,3676,2,37.365039598196745,0.0,0.0,0.0,1.61413670437118
case_063,3,holdout,stage1_actual_winner,verified_stage1_global_fallback,446447,446447,201216,201216,0,0,84480,55,3,92.09942200034857,0.0,0.0,0.0,2.3975903074721074
case_063,4,holdout,stage1_actual_winner,verified_stage1_global_fallback,335694,335694,278016,278016,0,0,113664,74,4,120.933543369174,0.0,0.0,0.0,3.1886092691558385
case_063,5,holdout,stage1_actual_winner,verified_stage1_global_fallback,266761,266761,287232,287232,0,0,136704,89,5,140.14413615502417,0.0,0.0,0.0,4.012569303608848
case_064,1,development,stage1_actual_winner,verified_stage1_global_fallback,19116,19116,0,0,0,0,0,0,1,0.06754841282963753,0.0,0.0,0.0,1.0
case_064,2,development,map_locality@b2a_w16,scene_b_fixed_partition_mapping,14089,14237,62086,63430,0,0,27952,95,2,1.7184551935642958,1.0395448479314462,-0.00128173828125,0.0,1.3568031797856484
case_064,3,development,map_locality@b2a_w8,scene_b_fixed_partition_mapping,11941,12510,71434,64330,0,0,28384,74,3,2.86462838947773,4.548361310951239,0.00677490234375,0.0,1.600870948831756
case_064,4,development,map_locality@b2a_w16,scene_b_fixed_partition_mapping,11251,11821,93964,97742,0,0,39904,136,4,3.4620425291359425,4.821927078927333,-0.0036029815673828125,0.0,1.6990489734245844
case_064,5,development,map_locality@b2a_w16,scene_b_fixed_partition_mapping,10947,11821,91024,97742,0,0,38416,132,5,4.646284095942974,7.3936215210219105,-0.0064067840576171875,0.0,1.7462318443409153
case_065,1,validation,stage1_actual_winner,verified_stage1_global_fallback,53068,53068,0,0,0,0,0,0,1,0.060626259073615074,0.0,0.0,0.0,1.0
case_065,2,validation,stage1_actual_winner,verified_stage1_global_fallback,29524,29524,774986,774986,0,0,359586,192,2,1.873537864536047,0.0,0.0,0.0,1.797452919658583
case_065,3,validation,stage1_actual_winner,verified_stage1_global_fallback,20797,20797,583416,583416,0,0,251768,139,3,4.0484927874058485,0.0,0.0,0.0,2.551714189546569
case_065,4,validation,map_locality@b2a_w4,scene_b_fixed_partition_mapping,18510,19058,588896,651774,0,0,241966,126,4,5.541983265429735,2.8754328890754537,-0.05996513366699219,0.0,2.8669908157752566
case_065,5,validation,map_locality@b2a_w4,scene_b_fixed_partition_mapping,17742,19058,596262,651774,0,0,235666,130,5,6.389495046809316,6.905236646027915,-0.05294036865234375,0.0,2.991094577837899
case_066,1,holdout,stage1_actual_winner,verified_stage1_global_fallback,359070,359070,0,0,0,0,0,0,1,0.4470030516386032,0.0,0.0,0.0,1.0
case_066,2,holdout,stage1_actual_winner,verified_stage1_global_fallback,185656,185656,978376,978376,0,0,393856,402,2,16.627030812203884,0.0,0.0,0.0,1.9340608437109492
case_066,3,holdout,stage1_actual_winner,verified_stage1_global_fallback,132398,132398,1312626,1312626,0,0,464210,489,3,23.309554869309068,0.0,0.0,0.0,2.712050030967235
case_066,4,holdout,stage1_actual_winner,verified_stage1_global_fallback,102860,102860,2703412,2703412,0,0,967926,1146,4,33.667487351223826,0.0,0.0,0.0,3.4908613649620843
case_066,5,holdout,map_locality@b2a_w16,scene_b_fixed_partition_mapping,93375,94032,2864840,2718832,0,0,1021588,1196,5,39.886613480746746,0.6986983154670751,0.13924407958984375,0.0,3.8454618473895583
case_067,1,development,stage1_actual_winner,verified_stage1_global_fallback,63834834,63834834,264449408,264449408,264449408,264449408,0,0,1,0.8448584545403719,0.0,0.0,0.0,1.0
case_067,2,development,stage1_actual_winner,verified_stage1_global_fallback,31892152,31892152,260989568,260989568,250288384,250288384,3489792,710,2,21.527479199692607,0.0,0.0,0.0,2.001584402331959
case_067,3,development,map_locality@b2a_w4,scene_b_fixed_partition_mapping,21616404,21738388,260199168,218084096,250052608,203806720,1351680,472,3,37.101345328614116,0.5611455642433101,40.1640625,44.103515625,2.9530736934783417
case_067,4,development,stage1_actual_winner,verified_stage1_global_fallback,16654103,16654103,219229312,219229312,198338560,198338560,4862976,993,4,46.95550908707082,0.0,0.0,0.0,3.832979416543779
case_067,5,development,stage1_actual_winner,verified_stage1_global_fallback,13549289,13549289,210654720,210654720,179822592,179822592,7972864,1033,5,52.35269219428301,0.0,0.0,0.0,4.711305072908254
case_068,1,holdout,stage1_actual_winner,verified_stage1_global_fallback,362095,362095,0,0,0,0,0,0,1,0.4299907963722944,0.0,0.0,0.0,1.0
case_068,2,holdout,stage1_actual_winner,verified_stage1_global_fallback,204037,204037,1672660,1672660,34316,34316,463584,388,2,13.710988404229283,0.0,0.0,0.0,1.7746536167459823
case_068,3,holdout,map_locality@b2a_w16,scene_b_fixed_partition_mapping,163496,165324,2561662,2613640,0,0,604724,538,3,25.69753708690405,1.1057075802666279,-0.04957008361816406,0.0,2.2147025003669816
case_068,4,holdout,map_locality@b2a_w16,scene_b_fixed_partition_mapping,137240,137870,2450062,2496122,0,0,514364,567,4,37.59817038103938,0.456952201349097,-0.043926239013671875,0.0,2.638407169921306
case_068,5,holdout,inherit_final_k4,recursive_final_winner_inheritance,137240,137870,2450062,2496122,0,0,514364,567,4,38.840811878442764,0.456952201349097,-0.043926239013671875,0.0,2.638407169921306
case_069,1,holdout,stage1_actual_winner,verified_stage1_global_fallback,25144,25144,0,0,0,0,0,0,1,0.07719857059419155,0.0,0.0,0.0,1.0
case_069,2,holdout,stage1_actual_winner,verified_stage1_global_fallback,16328,16328,314726,314726,0,0,140800,197,2,1.9484614301472902,0.0,0.0,0.0,1.5399314061734444
case_069,3,holdout,stage1_actual_winner,verified_stage1_global_fallback,13774,13774,309992,309992,0,0,118848,124,3,3.7115877997130156,0.0,0.0,0.0,1.825468273558879
case_069,4,holdout,stage1_actual_winner,verified_stage1_global_fallback,13774,13774,309992,309992,0,0,118848,124,3,4.484690085053444,0.0,0.0,0.0,1.825468273558879
case_069,5,holdout,stage1_actual_winner,verified_stage1_global_fallback,13774,13774,309992,309992,0,0,118848,124,3,5.7920082826167345,0.0,0.0,0.0,1.825468273558879
case_070,1,holdout,stage1_actual_winner,verified_stage1_global_fallback,117300,117300,0,0,0,0,0,0,1,0.09981102496385574,0.0,0.0,0.0,1.0
case_070,2,holdout,stage1_actual_winner,verified_stage1_global_fallback,68604,68604,950774,950774,0,0,414714,224,2,3.468793733045459,0.0,0.0,0.0,1.7098128389015217
case_070,3,holdout,stage1_actual_winner,verified_stage1_global_fallback,46238,46238,1167554,1167554,0,0,506590,263,3,5.79884416423738,0.0,0.0,0.0,2.5368744322851335
case_070,4,holdout,map_locality@b2a_w4,scene_b_fixed_partition_mapping,43398,43948,1454004,1569172,0,0,583320,286,4,9.147129347547889,1.2514790206607809,-0.109832763671875,0.0,2.7028895340799117
case_070,5,holdout,stage1_actual_winner,verified_stage1_global_fallback,40250,40250,1619718,1619718,0,0,662336,333,5,11.668598691001534,0.0,0.0,0.0,2.914285714285714
case_071,1,holdout,stage1_actual_winner,verified_stage1_global_fallback,18919,18919,0,0,0,0,0,0,1,0.05933723971247673,0.0,0.0,0.0,1.0
case_071,2,holdout,map_locality@b2a_w4,scene_b_fixed_partition_mapping,12795,13128,153252,197350,0,0,62752,68,2,1.68634750880301,2.536563071297989,-0.04205513000488281,0.0,1.4786244626807346
case_071,3,holdout,stage1_actual_winner,verified_stage1_global_fallback,10300,10300,207624,207624,0,0,69248,77,3,2.8210891280323267,0.0,0.0,0.0,1.8367961165048543
case_071,4,holdout,stage1_actual_winner,verified_stage1_global_fallback,10300,10300,207624,207624,0,0,69248,77,3,3.169672267511487,0.0,0.0,0.0,1.8367961165048543
case_071,5,holdout,stage1_actual_winner,verified_stage1_global_fallback,10300,10300,207624,207624,0,0,69248,77,3,4.351580742746592,0.0,0.0,0.0,1.8367961165048543
case_072,1,holdout,stage1_actual_winner,verified_stage1_global_fallback,23897828,23897828,108613680,108613680,108613680,108613680,0,0,1,3.116777351126075,0.0,0.0,0.0,1.0
case_072,2,holdout,stage1_actual_winner,verified_stage1_global_fallback,14399738,14399738,264586770,264586770,151244736,151244736,55620608,6896,2,177.22065188735723,0.0,0.0,0.0,1.6596015844177165
case_072,3,holdout,stage1_actual_winner,verified_stage1_global_fallback,10386946,10386946,233970658,233970658,77101728,77101728,76336336,9449,3,333.58258627541363,0.0,0.0,0.0,2.3007559681161336
case_072,4,holdout,stage1_actual_winner,verified_stage1_global_fallback,7596894,7596894,232963952,232963952,58858184,58858184,84957072,10489,4,438.0117162913084,0.0,0.0,0.0,3.1457366655372576
case_072,5,holdout,stage1_actual_winner,verified_stage1_global_fallback,7185795,7185795,229404840,229404840,48154928,48154928,88526000,10929,5,509.0496363155544,0.0,0.0,0.0,3.325704114854376
case_073,1,holdout,stage1_actual_winner,verified_stage1_global_fallback,10081626,10081626,141570432,141570432,141570432,141570432,0,0,1,0.4289434179663658,0.0,0.0,0.0,1.0
case_073,2,holdout,stage1_actual_winner,verified_stage1_global_fallback,5343686,5343686,137847680,137847680,133167616,133167616,479232,390,2,10.661247106269002,0.0,0.0,0.0,1.8866426657554354
case_073,3,holdout,stage1_actual_winner,verified_stage1_global_fallback,4326521,4326521,137554688,137554688,130111488,130111488,0,0,3,16.21982162632048,0.0,0.0,0.0,2.3301923184933115
case_073,4,holdout,stage1_actual_winner,verified_stage1_global_fallback,3456740,3456740,137723520,137723520,125764096,125764096,397312,350,4,23.446109618991613,0.0,0.0,0.0,2.9165126680051148
case_073,5,holdout,map_locality@b2a_w8,scene_b_fixed_partition_mapping,3167472,3186716,119178752,119359488,103287296,103353344,502528,356,5,23.849198227748275,0.6038818645903808,-0.17236328125,-0.06298828125,3.182861916380003
case_074,1,holdout,stage1_actual_winner,verified_stage1_global_fallback,1682239,1682239,6070280,6070280,6070280,6070280,0,0,1,0.3386460840702057,0.0,0.0,0.0,1.0
case_074,2,holdout,stage1_actual_winner,verified_stage1_global_fallback,925398,925398,15892720,15892720,8626212,8626212,3506278,809,2,15.577007187530398,0.0,0.0,0.0,1.8178545879718782
case_074,3,holdout,map_locality@b2a_w4,scene_b_fixed_partition_mapping,666433,666888,13279460,13246672,3342356,3186688,4866152,1101,3,20.3716611713171,0.06822734852029126,0.031269073486328125,0.14845657348632812,2.524243247258164
case_074,4,holdout,stage1_actual_winner,verified_stage1_global_fallback,527458,527458,13979860,13979860,2895892,2895892,5406816,1223,4,30.55609405040741,0.0,0.0,0.0,3.1893326103689774
case_074,5,holdout,stage1_actual_winner,verified_stage1_global_fallback,431365,431365,11837664,11837664,327720,327720,5611612,1275,5,40.738053392618895,0.0,0.0,0.0,3.8998041102082923
case_075,1,holdout,stage1_actual_winner,verified_stage1_global_fallback,1441809,1441809,0,0,0,0,0,0,1,0.5664465520530939,0.0,0.0,0.0,1.0
case_075,2,holdout,stage1_actual_winner,verified_stage1_global_fallback,992854,992854,1565828,1565828,0,0,590336,351,2,13.149748127907515,0.0,0.0,0.0,1.4521863234674988
case_075,3,holdout,map_locality@b2a_w16,scene_b_fixed_partition_mapping,933856,933924,2434120,2435912,0,0,835488,561,3,27.039178738370538,0.0072811063855303,-0.001708984375,0.0,1.543930755919542
case_075,4,holdout,map_locality@b2a_w16,scene_b_fixed_partition_mapping,800233,800301,3475340,3475468,0,0,1166208,679,4,32.275956846773624,0.008496803077841963,-0.0001220703125,0.0,1.8017364942460508
case_075,5,holdout,stage1_actual_winner,verified_stage1_global_fallback,751559,751559,3953872,3953872,0,0,1404832,886,5,46.84370396099985,0.0,0.0,0.0,1.9184242354891632
case_076,1,holdout,stage1_actual_winner,verified_stage1_global_fallback,6185113,6185113,28280832,28280832,28280832,28280832,0,0,1,3.4902918320149183,0.0,0.0,0.0,1.0
case_076,2,holdout,stage1_actual_winner,verified_stage1_global_fallback,4590971,4590971,48705536,48705536,33354752,33354752,6918144,2252,2,199.9825105369091,0.0,0.0,0.0,1.3472341689808103
case_076,3,holdout,map_locality@b1,scene_b_fixed_partition_mapping,3566014,3605984,51259400,49486856,34700288,22636544,5756932,1876,3,699.5975600481033,1.108435311970325,1.6904296875,11.5048828125,1.7344612219694033
case_076,4,holdout,map_locality@b2a_w4,scene_b_fixed_partition_mapping,3082213,3094752,137127936,136957952,31186944,31164416,52898816,17244,4,757.274516236037,0.4051697842024175,0.162109375,0.021484375,2.0067117360156486
case_076,5,holdout,map_locality@b1,scene_b_fixed_partition_mapping,2188435,2219114,51603460,51168260,18603008,13206528,11572226,3768,5,965.6466504968703,1.382488686926404,0.4150390625,5.146484375,2.826272199082906
case_077,1,holdout,stage1_actual_winner,verified_stage1_global_fallback,495320,495320,0,0,0,0,0,0,1,0.3595395293086767,0.0,0.0,0.0,1.0
case_077,2,holdout,stage1_actual_winner,verified_stage1_global_fallback,295128,295128,2266538,2266538,0,0,1020946,314,2,13.058227851986885,0.0,0.0,0.0,1.6783226261147706
case_077,3,holdout,map_locality@b2a_w16,scene_b_fixed_partition_mapping,217510,218216,3569164,3015054,0,0,1566846,740,3,22.090353813022375,0.32353264655204017,0.5284404754638672,0.0,2.277228633166291
case_077,4,holdout,map_locality@b2a_w8,scene_b_fixed_partition_mapping,158052,160028,3343092,3598066,0,0,1444402,515,4,26.91388907469809,1.2347839128152573,-0.2431621551513672,0.0,3.133905296990864
case_077,5,holdout,map_locality@b2a_w8,scene_b_fixed_partition_mapping,138699,140814,3527222,3614258,0,0,1528976,565,5,32.92755880206823,1.5019813370829604,-0.08300399780273438,0.0,3.571186526218646
case_078,1,holdout,stage1_actual_winner,verified_stage1_global_fallback,2296143,2296143,12644568,12644568,12644568,12644568,0,0,1,0.08783897198736668,0.0,0.0,0.0,1.0
case_078,2,holdout,stage1_actual_winner,verified_stage1_global_fallback,1069122,1069122,2482176,2482176,270336,270336,36864,14,2,1.5548118650913239,0.0,0.0,0.0,2.1476903477807023
case_078,3,holdout,stage1_actual_winner,verified_stage1_global_fallback,717204,717204,6368928,6368928,945408,945408,577536,113,3,3.080346416682005,0.0,0.0,0.0,3.2015200696036272
case_078,4,holdout,map_locality@b2a_w16,scene_b_fixed_partition_mapping,545355,545355,6888960,6931968,0,0,237312,55,4,3.319284735247493,0.0,-0.041015625,0.0,4.210363891410182
case_078,5,holdout,map_locality@b2a_w16,scene_b_fixed_partition_mapping,473703,474566,10492032,10668672,0,0,964608,203,5,4.597169553861022,0.1818503643328852,-0.16845703125,0.0,4.847220726911166
case_079,1,holdout,stage1_actual_winner,verified_stage1_global_fallback,31052251,31052251,32448512,32448512,32448512,32448512,0,0,1,2.0447511840611696,0.0,0.0,0.0,1.0
case_079,2,holdout,stage1_actual_winner,verified_stage1_global_fallback,15449228,15449228,33280000,33280000,29900800,29900800,0,0,2,132.48004795238376,0.0,0.0,0.0,2.0099548663531923
case_079,3,holdout,stage1_actual_winner,verified_stage1_global_fallback,10278153,10278153,33878016,33878016,28336128,28336128,0,0,3,205.75279424153268,0.0,0.0,0.0,3.0211897993734866
case_079,4,holdout,stage1_actual_winner,verified_stage1_global_fallback,7688095,7688095,34131968,34131968,24805376,24805376,0,0,4,326.2306859511882,0.0,0.0,0.0,4.039004590864187
case_079,5,holdout,stage1_actual_winner,verified_stage1_global_fallback,7688095,7688095,34131968,34131968,24805376,24805376,0,0,4,245.40105117484927,0.0,0.0,0.0,4.039004590864187
case_080,1,holdout,stage1_actual_winner,verified_stage1_global_fallback,292138,292138,548864,548864,548864,548864,0,0,1,0.10181447118520737,0.0,0.0,0.0,1.0
case_080,2,holdout,stage1_actual_winner,verified_stage1_global_fallback,190690,190690,4980736,4980736,1515520,1515520,1732608,423,2,4.24795363470912,0.0,0.0,0.0,1.532004824584404
case_080,3,holdout,stage1_actual_winner,verified_stage1_global_fallback,108282,108282,1228800,1228800,466944,466944,0,0,3,4.978742141276598,0.0,0.0,0.0,2.6979368685469423
case_080,4,holdout,stage1_actual_winner,verified_stage1_global_fallback,108282,108282,1228800,1228800,466944,466944,0,0,3,9.17840956710279,0.0,0.0,0.0,2.6979368685469423
case_080,5,holdout,stage1_actual_winner,verified_stage1_global_fallback,101701,101701,3887104,3887104,0,0,765952,187,5,11.255259556695819,0.0,0.0,0.0,2.8725184609787515
case_081,1,holdout,stage1_actual_winner,verified_stage1_global_fallback,151795,151795,0,0,0,0,0,0,1,0.306209459900856,0.0,0.0,0.0,1.0
case_081,2,holdout,stage1_actual_winner,verified_stage1_global_fallback,83829,83829,614820,614820,114772,114772,32882,73,2,18.85089143179357,0.0,0.0,0.0,1.8107695427596655
case_081,3,holdout,stage1_actual_winner,verified_stage1_global_fallback,63616,63616,541062,541062,0,0,10376,73,3,40.16275873221457,0.0,0.0,0.0,2.386113556338028
case_081,4,holdout,stage1_actual_winner,verified_stage1_global_fallback,51008,51008,612682,612682,0,0,84080,97,4,43.8426692597568,0.0,0.0,0.0,2.975905740276035
case_081,5,holdout,map_locality@b1,scene_b_fixed_partition_mapping,45713,46855,688560,717246,0,0,108704,133,5,69.29244634322822,2.4373065841425676,-0.027357101440429688,0.0,3.3206090171286067
case_082,1,validation,stage1_actual_winner,verified_stage1_global_fallback,721041,721041,0,0,0,0,0,0,1,0.3159095477312803,0.0,0.0,0.0,1.0
case_082,2,validation,map_locality@b2a_w16,scene_b_fixed_partition_mapping,426701,428639,1876902,1811366,0,0,856464,438,2,8.144792851060629,0.4521287143727006,0.0625,0.0,1.6898038673450495
case_082,3,validation,stage1_actual_winner,verified_stage1_global_fallback,337625,337625,2769962,2769962,0,0,1225104,687,3,16.931999577209353,0.0,0.0,0.0,2.135626804887079
case_082,4,validation,map_locality@b2a_w16,scene_b_fixed_partition_mapping,267185,267431,3062670,3264526,0,0,1285440,695,4,17.796168668195605,0.09198634414110556,-0.1925048828125,0.0,2.698658233059491
case_082,5,validation,stage1_actual_winner,verified_stage1_global_fallback,233808,233808,3658004,3658004,0,0,1503168,830,5,24.007203863933682,0.0,0.0,0.0,3.083902176144529
case_083,1,holdout,stage1_actual_winner,verified_stage1_global_fallback,1057993,1057993,13934688,13934688,13934688,13934688,0,0,1,0.3478731829673052,0.0,0.0,0.0,1.0
case_083,2,holdout,stage1_actual_winner,verified_stage1_global_fallback,438433,438433,2725472,2725472,0,0,897536,227,2,6.237905856221914,0.0,0.0,0.0,2.413123555936711
case_083,3,holdout,map_locality@b2a_w16,scene_b_fixed_partition_mapping,297463,298400,3701952,3599552,0,0,920576,251,3,13.093967143446207,0.3140080428954424,0.09765625,0.0,3.5567213401330586
case_083,4,holdout,map_locality@b2a_w16,scene_b_fixed_partition_mapping,224139,226115,5094176,5336864,163840,182272,1069568,342,4,16.758947744965553,0.8738916038299096,-0.2314453125,-0.017578125,4.720253949558087
case_083,5,holdout,map_locality@b2a_w8,scene_b_fixed_partition_mapping,200381,201312,5380480,5644672,221184,319488,718848,260,5,19.962351121008396,0.4624662215863933,-0.251953125,-0.09375,5.279906777588693
case_084,1,holdout,stage1_actual_winner,verified_stage1_global_fallback,2507412,2507412,0,0,0,0,0,0,1,1.0234803184866905,0.0,0.0,0.0,1.0
case_084,2,holdout,stage1_actual_winner,verified_stage1_global_fallback,1276489,1276489,27233280,27233280,7382016,7382016,9925632,2154,2,126.30334919318557,0.0,0.0,0.0,1.9643036485234107
case_084,3,holdout,stage1_actual_winner,verified_stage1_global_fallback,836220,836220,0,0,0,0,0,0,3,223.20408866927028,0.0,0.0,0.0,2.998507569778288
case_084,4,holdout,stage1_actual_winner,verified_stage1_global_fallback,625992,625992,92160,92160,0,0,46080,10,4,421.72012139484286,0.0,0.0,0.0,4.0055016677529425
case_084,5,holdout,stage1_actual_winner,verified_stage1_global_fallback,501224,501224,73728,73728,0,0,36864,8,5,597.8984040487558,0.0,0.0,0.0,5.0025776898153325
case_085,1,validation,stage1_actual_winner,verified_stage1_global_fallback,3187899,3187899,0,0,0,0,0,0,1,1.615699652582407,0.0,0.0,0.0,1.0
case_085,2,validation,stage1_actual_winner,verified_stage1_global_fallback,2388498,2388498,4934406,4934406,940354,940354,1853600,1113,2,38.942026041448116,0.0,0.0,0.0,1.3346877409987365
case_085,3,validation,map_locality@b2a_w16,scene_b_fixed_partition_mapping,2146417,2147544,6446602,6448266,650242,646914,2617024,1631,3,83.42683533579111,0.05247855224386555,-0.0015869140625,0.003173828125,1.4852188554227812
case_085,4,validation,map_locality@b2a_w16,scene_b_fixed_partition_mapping,2023024,2023093,7635598,7635726,485186,485186,3157280,1807,4,93.54878490045667,0.0034106192844323025,-0.0001220703125,0.0,1.5758087892185164
case_085,5,validation,stage1_actual_winner,verified_stage1_global_fallback,1871755,1871755,8938514,8938514,441602,441602,3694784,2289,5,148.5758304912597,0.0,0.0,0.0,1.7031604029373502
case_086,1,holdout,stage1_actual_winner,verified_stage1_global_fallback,118403,118403,0,0,0,0,0,0,1,0.39706398360431194,0.0,0.0,0.0,1.0
case_086,2,holdout,stage1_actual_winner,verified_stage1_global_fallback,72293,72293,1407014,1407014,0,0,648928,612,2,16.012408580631018,0.0,0.0,0.0,1.6378210891787586
case_086,3,holdout,map_locality@b2a_w16,scene_b_fixed_partition_mapping,58004,59591,1846186,1887018,0,0,821232,828,3,23.00725781545043,2.6631538319544896,-0.0389404296875,0.0,2.0412902558444244
case_086,4,holdout,map_locality@b2a_w16,scene_b_fixed_partition_mapping,47955,50307,2006064,2207726,0,0,817024,836,4,26.096163036301732,4.675293696702248,-0.1923198699951172,0.0,2.469043895318528
case_086,5,holdout,inherit_final_k4,recursive_final_winner_inheritance,47955,50307,2006064,2207726,0,0,817024,836,4,29.507695138454437,4.675293696702248,-0.1923198699951172,0.0,2.469043895318528
case_087,1,holdout,stage1_actual_winner,verified_stage1_global_fallback,3974071,3974071,7902720,7902720,7902720,7902720,0,0,1,2.7353715784847736,0.0,0.0,0.0,1.0
case_087,2,holdout,stage1_actual_winner,verified_stage1_global_fallback,2287771,2287771,27330880,27330880,13671168,13671168,6809824,1551,2,136.0907887481153,0.0,0.0,0.0,1.7370930045008874
case_087,3,holdout,stage1_actual_winner,verified_stage1_global_fallback,1577719,1577719,26520992,26520992,8145312,8145312,9157056,2074,3,153.8844431862235,0.0,0.0,0.0,2.518871231188824
case_087,4,holdout,stage1_actual_winner,verified_stage1_global_fallback,1349330,1349330,30983720,30983720,4728960,4728960,11908682,3669,4,199.5033801831305,0.0,0.0,0.0,2.9452179970800323
case_087,5,holdout,stage1_actual_winner,verified_stage1_global_fallback,1166481,1166481,31414764,31414764,2388096,2388096,12940138,3965,5,265.40291887149215,0.0,0.0,0.0,3.4068887534387615
case_088,1,holdout,stage1_actual_winner,verified_stage1_global_fallback,243623,243623,0,0,0,0,0,0,1,0.23833011649549007,0.0,0.0,0.0,1.0
case_088,2,holdout,stage1_actual_winner,verified_stage1_global_fallback,135090,135090,1448280,1448280,0,0,462698,336,2,6.0513662081211805,0.0,0.0,0.0,1.8034125397882892
case_088,3,holdout,stage1_actual_winner,verified_stage1_global_fallback,103380,103380,2190628,2190628,0,0,566030,437,3,14.900437735021114,0.0,0.0,0.0,2.3565776745985683
case_088,4,holdout,map_locality@b2a_w16,scene_b_fixed_partition_mapping,88183,89258,2121308,2328100,0,0,546728,497,4,18.047092743217945,1.2043738376392032,-0.19721221923828125,0.0,2.762698025696563
case_088,5,holdout,stage1_actual_winner,verified_stage1_global_fallback,81894,81894,2269000,2269000,0,0,610332,539,5,20.123884918168187,0.0,0.0,0.0,2.9748577429359906
case_089,1,validation,stage1_actual_winner,verified_stage1_global_fallback,693092,693092,0,0,0,0,0,0,1,0.40329778380692005,0.0,0.0,0.0,1.0
case_089,2,validation,stage1_actual_winner,verified_stage1_global_fallback,339435,339435,295552,295552,0,0,30720,70,2,8.569349063560367,0.0,0.0,0.0,2.0418990381074433
case_089,3,validation,stage1_actual_winner,verified_stage1_global_fallback,226846,226846,2037504,2037504,0,0,784640,453,3,16.32517051510513,0.0,0.0,0.0,3.055341509217707
case_089,4,validation,stage1_actual_winner,verified_stage1_global_fallback,170137,170137,1575296,1575296,0,0,436480,375,4,18.912126880139112,0.0,0.0,0.0,4.073728818540353
case_089,5,validation,map_locality@b2a_w16,scene_b_fixed_partition_mapping,136648,137328,1860096,954880,0,0,461824,344,5,20.205712048336864,0.49516486077129207,0.86328125,0.0,5.072097652362274
case_090,1,holdout,stage1_actual_winner,verified_stage1_global_fallback,1178363,1178363,21233592,21233592,21233592,21233592,0,0,1,0.15360484085977077,0.0,0.0,0.0,1.0
case_090,2,holdout,stage1_actual_winner,verified_stage1_global_fallback,457842,457842,4480896,4480896,2044032,2044032,144192,160,2,3.2847873605787754,0.0,0.0,0.0,2.573732859807532
case_090,3,holdout,stage1_actual_winner,verified_stage1_global_fallback,338995,338995,6867840,6867840,2047872,2047872,261504,194,3,4.746273109689355,0.0,0.0,0.0,3.4760483192967446
case_090,4,holdout,map_locality@b2a_w16,scene_b_fixed_partition_mapping,323214,331069,11752512,12221280,4853184,5318880,307584,277,4,6.180396536365151,2.372617188561901,-0.447052001953125,-0.444122314453125,3.6457672006781885
case_090,5,holdout,inherit_final_k4,recursive_final_winner_inheritance,323214,331069,11752512,12221280,4853184,5318880,307584,277,4,9.02366397716105,2.372617188561901,-0.447052001953125,-0.444122314453125,3.6457672006781885
case_091,1,holdout,stage1_actual_winner,verified_stage1_global_fallback,9186769,9186769,53947008,53947008,53947008,53947008,0,0,1,3.487678110599518,0.0,0.0,0.0,1.0
case_091,2,holdout,stage1_actual_winner,verified_stage1_global_fallback,5702896,5702896,52064896,52064896,42861184,42861184,1935360,630,2,343.22782795503736,0.0,0.0,0.0,1.6108954117346694
case_091,3,holdout,stage1_actual_winner,verified_stage1_global_fallback,4650425,4650425,144634984,144634984,47896672,47896672,47410180,15409,3,360.07954430766404,0.0,0.0,0.0,1.9754686937215415
case_091,4,holdout,stage1_actual_winner,verified_stage1_global_fallback,4022789,4022789,141415884,141415884,41697216,41697216,48422918,15741,4,450.2022065166384,0.0,0.0,0.0,2.283681545315949
case_091,5,holdout,stage1_actual_winner,verified_stage1_global_fallback,3126021,3126021,46014084,46014084,23471232,23471232,3259394,1062,5,751.9248298108578,0.0,0.0,0.0,2.938805913331996
case_092,1,validation,stage1_actual_winner,verified_stage1_global_fallback,4815554,4815554,66000096,66000096,66000096,66000096,0,0,1,1.6234425157308578,0.0,0.0,0.0,1.0
case_092,2,validation,stage1_actual_winner,verified_stage1_global_fallback,2015242,2015242,5567072,5567072,4636672,4636672,0,0,2,36.878157656639814,0.0,0.0,0.0,2.3895661166251996
case_092,3,validation,stage1_actual_winner,verified_stage1_global_fallback,1334168,1334168,25523392,25523392,532480,532480,11565056,3693,3,76.30041140504181,0.0,0.0,0.0,3.6094060118365903
case_092,4,validation,stage1_actual_winner,verified_stage1_global_fallback,1018974,1018974,13405984,13405984,0,0,5307392,1988,4,90.75186427123845,0.0,0.0,0.0,4.725885056929814
case_092,5,validation,map_locality@b2a_w8,scene_b_fixed_partition_mapping,823550,832577,12321152,13308288,753664,73728,3922944,1620,5,102.3466140832752,1.0842240417402835,-0.94140625,0.6484375,5.847312245765284
case_093,1,holdout,stage1_actual_winner,verified_stage1_global_fallback,74205,74205,0,0,0,0,0,0,1,0.05497564375400543,0.0,0.0,0.0,1.0
case_093,2,holdout,map_locality@b2a_w4,scene_b_fixed_partition_mapping,41806,45680,565248,843776,0,0,282624,138,2,1.9464542921632528,8.480735551663749,-0.265625,0.0,1.7749844519925368
case_093,3,holdout,map_locality@b1,scene_b_fixed_partition_mapping,31740,31740,77824,98304,0,0,30720,15,3,3.2404746543616056,0.0,-0.01953125,0.0,2.3379017013232515
case_093,4,holdout,stage1_actual_winner,verified_stage1_global_fallback,23631,23631,155648,155648,0,0,65536,32,4,3.9993606973439455,0.0,0.0,0.0,3.140154881299987
case_093,5,holdout,stage1_actual_winner,verified_stage1_global_fallback,20201,20201,147456,147456,0,0,57344,28,5,7.077842224389315,0.0,0.0,0.0,3.6733330033166673
case_094,1,holdout,stage1_actual_winner,verified_stage1_global_fallback,94892,94892,0,0,0,0,0,0,1,0.051916059106588364,0.0,0.0,0.0,1.0
case_094,2,holdout,stage1_actual_winner,verified_stage1_global_fallback,52048,52048,771084,771084,0,0,339462,92,2,1.7776134256273508,0.0,0.0,0.0,1.8231632339379036
case_094,3,holdout,map_locality@b2a_w4,scene_b_fixed_partition_mapping,38234,38581,967700,998164,0,0,413194,112,3,2.7923048846423626,0.8994064435862212,-0.029052734375,0.0,2.4818747711461002
case_094,4,holdout,map_locality@b1,scene_b_fixed_partition_mapping,30467,30467,463652,482084,0,0,135682,32,4,4.0857209749519825,0.0,-0.017578125,0.0,3.114582991433354
case_094,5,holdout,stage1_actual_winner,verified_stage1_global_fallback,26086,26086,547616,547616,0,0,187136,42,5,5.073028752580285,0.0,0.0,0.0,3.637660047535076
case_095,1,holdout,stage1_actual_winner,verified_stage1_global_fallback,2084853,2084853,0,0,0,0,0,0,1,0.38826423697173595,0.0,0.0,0.0,1.0
case_095,2,holdout,stage1_actual_winner,verified_stage1_global_fallback,1040351,1040351,110592,110592,0,0,55296,3,2,26.67465554177761,0.0,0.0,0.0,2.003989999529005
case_095,3,holdout,stage1_actual_winner,verified_stage1_global_fallback,693735,693735,0,0,0,0,0,0,3,48.35166849754751,0.0,0.0,0.0,3.0052584920755043
case_095,4,holdout,stage1_actual_winner,verified_stage1_global_fallback,522106,522106,147456,147456,0,0,73728,4,4,101.9478024803102,0.0,0.0,0.0,3.9931603927171877
case_095,5,holdout,stage1_actual_winner,verified_stage1_global_fallback,418656,418656,221184,221184,0,0,110592,6,5,127.20363152585924,0.0,0.0,0.0,4.9798713024535655
case_096,1,holdout,stage1_actual_winner,verified_stage1_global_fallback,84194,84194,0,0,0,0,0,0,1,0.0988354068249464,0.0,0.0,0.0,1.0
case_096,2,holdout,map_locality@b2a_w8,scene_b_fixed_partition_mapping,44167,45052,671500,679688,0,0,308998,147,2,3.03770562261343,1.96439669714996,-0.007808685302734375,0.0,1.9062648583784274
case_096,3,holdout,stage1_actual_winner,verified_stage1_global_fallback,36103,36103,601864,601864,0,0,199684,102,3,3.432832783088088,0.0,0.0,0.0,2.3320499681466913
case_096,4,holdout,stage1_actual_winner,verified_stage1_global_fallback,35471,35471,800524,800524,0,0,278022,135,4,6.843465074896812,0.0,0.0,0.0,2.3736009698063207
case_096,5,holdout,stage1_actual_winner,verified_stage1_global_fallback,35471,35471,800524,800524,0,0,278022,135,4,8.76385166682303,0.0,0.0,0.0,2.3736009698063207
case_097,1,holdout,stage1_actual_winner,verified_stage1_global_fallback,11491509,11491509,10584064,10584064,10584064,10584064,0,0,1,0.6869565136730671,0.0,0.0,0.0,1.0
case_097,2,holdout,stage1_actual_winner,verified_stage1_global_fallback,5834394,5834394,10584064,10584064,8880128,8880128,0,0,2,20.26252387277782,0.0,0.0,0.0,1.9696148391760995
case_097,3,holdout,map_locality@b2a_w4,scene_b_fixed_partition_mapping,4229228,4253566,84049920,86138880,28483584,28483584,27783168,2261,3,45.739403484389186,0.572178731915762,-1.9921875,0.0,2.717164692941596
case_097,4,holdout,stage1_actual_winner,verified_stage1_global_fallback,2869852,2869852,11796480,11796480,7536640,7536640,0,0,4,44.58587764017284,0.0,0.0,0.0,4.0042165937476915
case_097,5,holdout,map_locality@b2a_w4,scene_b_fixed_partition_mapping,2785187,2809291,81346560,83337216,15310848,15237120,33017856,2687,5,69.95335767418146,0.8580100815472659,-1.8984375,0.0703125,4.125938042939307
case_098,1,holdout,stage1_actual_winner,verified_stage1_global_fallback,177430,177430,0,0,0,0,0,0,1,0.10428431443870068,0.0,0.0,0.0,1.0
case_098,2,holdout,stage1_actual_winner,verified_stage1_global_fallback,94244,94244,1158238,1158238,528404,528404,214562,46,2,3.048160569742322,0.0,0.0,0.0,1.8826662705318111
case_098,3,holdout,map_locality@b2a_w4,scene_b_fixed_partition_mapping,87935,87943,1214566,1218672,221188,196612,357422,80,3,5.653124768286943,0.009096801337229796,-0.0039157867431640625,0.0234375,2.017740376414397
case_098,4,holdout,inherit_final_k3,recursive_final_winner_inheritance,87935,87943,1214566,1218672,221188,196612,357422,80,3,6.09108179807663,0.009096801337229796,-0.0039157867431640625,0.0234375,2.017740376414397
case_098,5,holdout,inherit_final_k4,recursive_final_winner_inheritance,87935,87943,1214566,1218672,221188,196612,357422,80,3,8.979445151984692,0.009096801337229796,-0.0039157867431640625,0.0234375,2.017740376414397
case_099,1,holdout,stage1_actual_winner,verified_stage1_global_fallback,1622999,1622999,5484544,5484544,5484544,5484544,0,0,1,0.5421935953199863,0.0,0.0,0.0,1.0
case_099,2,holdout,stage1_actual_winner,verified_stage1_global_fallback,1559711,1559711,16840960,16840960,9473024,9473024,3662848,1658,2,31.16391653753817,0.0,0.0,0.0,1.0405767478718815
case_099,3,holdout,map_locality@b2a_w4,scene_b_fixed_partition_mapping,747117,752124,13449600,13612928,2609152,1986560,5382912,2455,3,50.32497536577284,0.6657146959809819,-0.15576171875,0.59375,2.1723491769026806
case_099,4,holdout,stage1_actual_winner,verified_stage1_global_fallback,614461,614461,14012928,14012928,2506752,2506752,5696512,2578,4,62.48377596400678,0.0,0.0,0.0,2.6413376927095453
case_099,5,holdout,map_locality@b2a_w4,scene_b_fixed_partition_mapping,504123,504179,12529664,12613248,434176,221184,5969024,2733,5,90.54836700111628,0.01110716630403091,-0.0797119140625,0.203125,3.2194504119034444
case_100,1,development,stage1_actual_winner,verified_stage1_global_fallback,151223,151223,0,0,0,0,0,0,1,0.11494750715792179,0.0,0.0,0.0,1.0
case_100,2,development,stage1_actual_winner,verified_stage1_global_fallback,80853,80853,960832,960832,368672,368672,263756,111,2,3.3951214496046305,0.0,0.0,0.0,1.870344947002585
case_100,3,development,map_locality@b2a_w4,scene_b_fixed_partition_mapping,68488,70054,1254304,1356568,229376,229376,327562,167,3,6.168901164084673,2.2354183915265367,-0.09752655029296875,0.0,2.2080218432426117
case_100,4,development,stage1_actual_winner,verified_stage1_global_fallback,67632,67632,1615378,1615378,229376,229376,453508,180,4,10.121612472459674,0.0,0.0,0.0,2.2359681807428435
case_100,5,development,map_locality@b2a_w4,scene_b_fixed_partition_mapping,65477,67632,1487540,1615378,229376,229376,385684,217,5,11.640263702720404,3.1863614856872484,-0.12191581726074219,0.0,2.3095590818149883
