case,cores,baseline_l2_makespan,winner_l2_makespan,winner,strict_improvement,l2_ordering_speedup,official_calls,candidate_cache_hits,generation_failures,evaluation_failures
case_001,2,116868,116868,baseline,False,1.0,0,0,0,0
case_001,3,97000,97000,baseline,False,1.0,1,0,0,0
case_001,4,58984,58984,baseline,False,1.0,0,0,0,0
case_001,5,47502,47502,baseline,False,1.0,0,0,0,0
case_002,2,131397,131397,baseline,False,1.0,2,0,0,0
case_002,3,98390,98390,baseline,False,1.0,2,0,0,0
case_002,4,82998,82998,baseline,False,1.0,1,0,0,0
case_002,5,66241,66241,balanced_window,False,1.0,2,0,0,0
case_003,2,388179,387087,reuse_window,True,1.0028210712320487,1,0,0,0
case_003,3,298682,298682,baseline,False,1.0,2,0,0,0
case_003,4,283719,282812,balanced_window,True,1.0032070774931756,2,0,0,0
case_003,5,250029,249959,reuse_window,True,1.000280045927532,2,0,0,0
case_004,2,213361,206499,balanced_window,True,1.0332301851340684,2,0,0,0
case_004,3,143994,131643,reuse_window,True,1.0938219274857,2,0,0,0
case_004,4,112070,107944,reuse_window,True,1.038223523308382,2,0,0,0
case_004,5,95927,87834,reuse_window,True,1.0921397181046064,2,0,0,0
case_005,2,55056,53397,reuse_window,True,1.0310691611888307,2,0,0,0
case_005,3,44861,43655,reuse_window,True,1.0276257015233077,2,0,0,0
case_005,4,39285,39285,baseline,False,1.0,2,0,0,0
case_005,5,39285,39285,baseline,False,1.0,2,0,0,0
case_006,2,45613,45613,baseline,False,1.0,1,0,0,0
case_006,3,42640,42640,baseline,False,1.0,2,0,0,0
case_006,4,42640,42640,baseline,False,1.0,2,0,0,0
case_006,5,36101,36101,baseline,False,1.0,0,0,0,0
case_007,2,618914,618614,reuse_window,True,1.0004849550769948,1,0,0,0
case_007,3,425650,424478,reuse_window,True,1.002761038263467,1,0,0,0
case_007,4,326138,326138,baseline,False,1.0,1,0,0,0
case_007,5,203834,203834,baseline,False,1.0,0,0,0,0
case_008,2,242226,242226,baseline,False,1.0,0,0,0,0
case_008,3,163359,163359,baseline,False,1.0,0,0,0,0
case_008,4,123060,123060,baseline,False,1.0,0,0,0,0
case_008,5,111071,111071,baseline,False,1.0,0,0,0,0
case_009,2,102725,102725,balanced_window,False,1.0,2,0,0,0
case_009,3,87292,87292,baseline,False,1.0,2,0,0,0
case_009,4,85821,85821,baseline,False,1.0,2,0,0,0
case_009,5,81351,81351,baseline,False,1.0,2,0,0,0
case_010,2,53794,46462,reuse_window,True,1.1578063794068272,1,0,0,0
case_010,3,40646,38633,reuse_window,True,1.0521057127326379,1,0,0,0
case_010,4,38905,38905,baseline,False,1.0,0,0,0,0
case_010,5,37143,37143,baseline,False,1.0,0,0,0,0
case_011,2,92646,92646,baseline,False,1.0,0,0,0,0
case_011,3,79286,79286,balanced_window,False,1.0,2,0,0,0
case_011,4,46880,46880,baseline,False,1.0,0,0,0,0
case_011,5,46880,46880,baseline,False,1.0,0,0,0,0
case_012,2,33084,33084,baseline,False,1.0,2,0,0,0
case_012,3,24277,24277,baseline,False,1.0,1,0,0,0
case_012,4,24447,24447,baseline,False,1.0,1,0,0,0
case_012,5,24447,24447,baseline,False,1.0,1,0,0,0
case_013,2,165065,165065,baseline,False,1.0,1,0,0,0
case_013,3,89238,89238,baseline,False,1.0,0,0,0,0
case_013,4,83671,83671,balanced_window,False,1.0,2,0,0,0
case_013,5,66721,66721,baseline,False,1.0,1,0,0,0
case_014,2,11585088,11585088,baseline,False,1.0,1,0,0,0
case_014,3,8549906,8522520,reuse_window,True,1.0032133688157963,2,0,0,0
case_014,4,7298409,7298409,baseline,False,1.0,1,0,0,0
case_014,5,6507002,6322404,reuse_window,True,1.0291974381896507,1,0,0,0
case_015,2,101503,101503,baseline,False,1.0,1,0,0,0
case_015,3,79841,77499,reuse_window,True,1.0302197447709003,1,0,0,0
case_015,4,64234,64234,baseline,False,1.0,1,0,0,0
case_015,5,57770,57770,baseline,False,1.0,2,0,0,0
case_016,2,7715523,7715523,baseline,False,1.0,0,0,0,0
case_016,3,7715523,7715523,baseline,False,1.0,0,0,0,0
case_016,4,7715523,7715523,baseline,False,1.0,0,0,0,0
case_016,5,7715523,7715523,baseline,False,1.0,0,0,0,0
case_017,2,86701,84713,balanced_window,True,1.023467472524878,2,0,0,0
case_017,3,63392,63386,balanced_window,True,1.0000946581264,2,0,0,0
case_017,4,59221,58769,balanced_window,True,1.0076911296772109,2,0,0,0
case_017,5,60625,60625,baseline,False,1.0,1,0,0,0
case_018,2,582773,582773,baseline,False,1.0,1,0,0,0
case_018,3,419178,419178,baseline,False,1.0,1,0,0,0
case_018,4,349052,345022,reuse_window,True,1.0116804145822584,1,0,0,0
case_018,5,286107,279412,reuse_window,True,1.0239610324538675,2,0,0,0
case_019,2,41969,41969,baseline,False,1.0,1,0,0,0
case_019,3,34175,32240,reuse_window,True,1.0600186104218363,2,0,0,0
case_019,4,25339,25339,baseline,False,1.0,1,0,0,0
case_019,5,22886,22886,baseline,False,1.0,0,0,0,0
case_020,2,266580,266580,baseline,False,1.0,0,0,0,0
case_020,3,177950,177950,baseline,False,1.0,0,0,0,0
case_020,4,133704,133704,baseline,False,1.0,0,0,0,0
case_020,5,133566,133566,baseline,False,1.0,1,0,0,0
case_021,2,3213736,3213736,baseline,False,1.0,0,0,0,0
case_021,3,2784961,2780463,reuse_window,True,1.0016177161861173,2,0,0,0
case_021,4,1584951,1580505,reuse_window,True,1.002813024950886,1,0,0,0
case_021,5,1271102,1253945,reuse_window,True,1.0136824182878834,1,0,0,0
case_022,2,28922,28854,reuse_window,True,1.0023566923130243,2,0,0,0
case_022,3,20431,20431,balanced_window,False,1.0,2,0,0,0
case_022,4,19294,19294,baseline,False,1.0,2,0,0,0
case_022,5,18420,18420,baseline,False,1.0,2,0,0,0
case_023,2,57858,57858,baseline,False,1.0,2,0,0,0
case_023,3,38615,38615,baseline,False,1.0,1,0,0,0
case_023,4,30295,30295,baseline,False,1.0,2,0,0,0
case_023,5,30295,30295,baseline,False,1.0,2,0,0,0
case_024,2,2555343,2555343,baseline,False,1.0,0,0,0,0
case_024,3,2555343,2555343,baseline,False,1.0,0,0,0,0
case_024,4,2555343,2555343,baseline,False,1.0,0,0,0,0
case_024,5,2555343,2555343,baseline,False,1.0,0,0,0,0
case_025,2,2972392,2969642,reuse_window,True,1.0009260375493072,1,0,0,0
case_025,3,2049989,2049989,reuse_window,False,1.0,1,0,0,0
case_025,4,1560638,1560638,baseline,False,1.0,1,0,0,0
case_025,5,975534,975534,baseline,False,1.0,0,0,0,0
case_026,2,64737,64737,baseline,False,1.0,2,0,0,0
case_026,3,52720,52573,reuse_window,True,1.002796112072737,2,0,0,0
case_026,4,52720,52573,reuse_window,True,1.002796112072737,2,0,0,0
case_026,5,52720,52573,reuse_window,True,1.002796112072737,2,0,0,0
case_027,2,1120962,1120962,baseline,False,1.0,0,0,0,0
case_027,3,744579,744579,baseline,False,1.0,0,0,0,0
case_027,4,559196,559196,baseline,False,1.0,0,0,0,0
case_027,5,559196,559196,baseline,False,1.0,0,0,0,0
case_028,2,20306800,20306800,baseline,False,1.0,1,0,0,0
case_028,3,13692576,13658998,balanced_window,True,1.0024583062388617,2,0,0,0
case_028,4,10204835,10204835,balanced_window,False,1.0,2,0,0,0
case_028,5,8154941,8154941,baseline,False,1.0,2,0,0,0
case_029,2,20656,20656,baseline,False,1.0,1,0,0,0
case_029,3,12743,12743,baseline,False,1.0,0,0,0,0
case_029,4,12006,12006,baseline,False,1.0,0,0,0,0
case_029,5,12006,12006,baseline,False,1.0,0,0,0,0
case_030,2,2079367,2079367,baseline,False,1.0,1,0,0,0
case_030,3,1580290,1580290,baseline,False,1.0,1,0,0,0
case_030,4,1344466,1344466,baseline,False,1.0,1,0,0,0
case_030,5,1344466,1344466,baseline,False,1.0,1,0,0,0
case_031,2,857784,857784,baseline,False,1.0,2,0,0,0
case_031,3,657311,657311,baseline,False,1.0,2,0,0,0
case_031,4,533883,532183,reuse_window,True,1.0031943898997149,2,0,0,0
case_031,5,449159,449159,baseline,False,1.0,2,0,0,0
case_032,2,20867,20735,reuse_window,True,1.006366047745358,1,0,0,0
case_032,3,17020,17020,baseline,False,1.0,1,0,0,0
case_032,4,17051,17051,baseline,False,1.0,0,0,0,0
case_032,5,17051,17051,baseline,False,1.0,0,0,0,0
case_033,2,1095391,1095391,baseline,False,1.0,1,0,0,0
case_033,3,747062,747062,baseline,False,1.0,0,0,0,0
case_033,4,553918,553918,baseline,False,1.0,1,0,0,0
case_033,5,553918,553918,baseline,False,1.0,1,0,0,0
case_034,2,547274,547274,baseline,False,1.0,1,0,0,0
case_034,3,389230,389230,baseline,False,1.0,1,0,0,0
case_034,4,338076,338076,baseline,False,1.0,2,0,0,0
case_034,5,290391,286564,reuse_window,True,1.0133547828757277,1,0,0,0
case_035,2,105261,105261,baseline,False,1.0,1,0,0,0
case_035,3,98946,98946,balanced_window,False,1.0,2,0,0,0
case_035,4,93256,93256,baseline,False,1.0,2,0,0,0
case_035,5,93256,93256,baseline,False,1.0,2,0,0,0
case_036,2,466068,466068,baseline,False,1.0,0,0,0,0
case_036,3,388000,388000,baseline,False,1.0,1,0,0,0
case_036,4,233584,233584,baseline,False,1.0,0,0,0,0
case_036,5,187182,187182,baseline,False,1.0,0,0,0,0
case_037,2,125692,120651,reuse_window,True,1.0417816677855964,1,0,0,0
case_037,3,87034,87034,baseline,False,1.0,0,0,0,0
case_037,4,67669,67669,baseline,False,1.0,1,0,0,0
case_037,5,43013,43013,baseline,False,1.0,1,0,0,0
case_038,2,933300,931959,reuse_window,True,1.0014389045011636,1,0,0,0
case_038,3,699275,697347,reuse_window,True,1.002764764170492,1,0,0,0
case_038,4,690381,687987,reuse_window,True,1.0034797169132557,1,0,0,0
case_038,5,690381,687987,reuse_window,True,1.0034797169132557,1,0,0,0
case_039,2,865287,865287,baseline,False,1.0,0,0,0,0
case_039,3,688780,688780,baseline,False,1.0,0,0,0,0
case_039,4,536614,536614,baseline,False,1.0,0,0,0,0
case_039,5,504978,504978,baseline,False,1.0,1,0,0,0
case_040,2,145181,145181,balanced_window,False,1.0,2,0,0,0
case_040,3,127290,127290,balanced_window,False,1.0,2,0,0,0
case_040,4,123583,123583,balanced_window,False,1.0,2,0,0,0
case_040,5,121292,121292,balanced_window,False,1.0,2,0,0,0
case_041,2,3711448,3711448,baseline,False,1.0,0,0,0,0
case_041,3,3303843,3303843,baseline,False,1.0,2,0,0,0
case_041,4,2174005,2174005,baseline,False,1.0,1,0,0,0
case_041,5,2092348,2035206,reuse_window,True,1.0280767647107958,1,0,0,0
case_042,2,987913,973036,reuse_window,True,1.0152892595957395,1,0,0,0
case_042,3,718021,715422,reuse_window,True,1.0036328209084988,2,0,0,0
case_042,4,570008,570008,baseline,False,1.0,2,0,0,0
case_042,5,485853,485853,baseline,False,1.0,1,0,0,0
case_043,2,340755,340755,baseline,False,1.0,1,0,0,0
case_043,3,264463,264463,baseline,False,1.0,2,0,0,0
case_043,4,244783,243939,balanced_window,True,1.0034598813637836,2,0,0,0
case_043,5,222762,222762,baseline,False,1.0,2,0,0,0
case_044,2,55027,55027,baseline,False,1.0,2,0,0,0
case_044,3,55027,55027,baseline,False,1.0,2,0,0,0
case_044,4,55027,55027,baseline,False,1.0,2,0,0,0
case_044,5,55027,55027,baseline,False,1.0,2,0,0,0
case_045,2,78563,78563,balanced_window,False,1.0,2,0,0,0
case_045,3,45671,43176,balanced_window,True,1.057786733370391,2,0,0,0
case_045,4,39561,39561,balanced_window,False,1.0,2,0,0,0
case_045,5,29147,27098,reuse_window,True,1.075614436489778,1,0,0,0
case_046,2,112634,112634,baseline,False,1.0,0,0,0,0
case_046,3,84855,79812,balanced_window,True,1.0631859870696136,2,0,0,0
case_046,4,80768,80768,baseline,False,1.0,1,0,0,0
case_046,5,80768,80768,baseline,False,1.0,1,0,0,0
case_047,2,250591,250172,balanced_window,True,1.0016748477047792,2,0,0,0
case_047,3,230391,230391,baseline,False,1.0,2,0,0,0
case_047,4,209240,209240,baseline,False,1.0,2,0,0,0
case_047,5,201403,201403,baseline,False,1.0,2,0,0,0
case_048,2,164258,164258,baseline,False,1.0,1,0,0,0
case_048,3,151760,151760,balanced_window,False,1.0,2,0,0,0
case_048,4,151760,151760,balanced_window,False,1.0,2,0,0,0
case_048,5,151760,151760,balanced_window,False,1.0,2,0,0,0
case_049,2,120478,120478,baseline,False,1.0,2,0,0,0
case_049,3,97823,97823,baseline,False,1.0,2,0,0,0
case_049,4,85900,85578,balanced_window,True,1.0037626492790204,2,0,0,0
case_049,5,83290,83290,baseline,False,1.0,2,0,0,0
case_050,2,81855,81210,reuse_window,True,1.0079423716291098,2,0,0,0
case_050,3,53236,53236,baseline,False,1.0,1,0,0,0
case_050,4,44398,43854,balanced_window,True,1.0124047977379487,2,0,0,0
case_050,5,39979,39562,balanced_window,True,1.010540417572418,2,0,0,0
case_051,2,607628,607628,baseline,False,1.0,0,0,0,0
case_051,3,607628,607628,baseline,False,1.0,0,0,0,0
case_051,4,607628,607628,baseline,False,1.0,0,0,0,0
case_051,5,607628,607628,baseline,False,1.0,0,0,0,0
case_052,2,96545,96545,baseline,False,1.0,1,0,0,0
case_052,3,69389,69389,baseline,False,1.0,2,0,0,0
case_052,4,61006,59151,reuse_window,True,1.0313604165610049,1,0,0,0
case_052,5,55471,55471,baseline,False,1.0,2,0,0,0
case_053,2,759149,759149,baseline,False,1.0,2,0,0,0
case_053,3,584699,584699,baseline,False,1.0,2,0,0,0
case_053,4,492668,492668,balanced_window,False,1.0,2,0,0,0
case_053,5,465737,465737,baseline,False,1.0,2,0,0,0
case_054,2,485507,485507,baseline,False,1.0,2,0,0,0
case_054,3,386718,386718,baseline,False,1.0,2,0,0,0
case_054,4,331197,331197,baseline,False,1.0,2,0,0,0
case_054,5,271436,271436,baseline,False,1.0,2,0,0,0
case_055,2,64097,62412,balanced_window,True,1.0269980132025893,2,0,0,0
case_055,3,51873,48301,balanced_window,True,1.073952920229395,2,0,0,0
case_055,4,40884,40884,baseline,False,1.0,1,0,0,0
case_055,5,34895,34895,baseline,False,1.0,2,0,0,0
case_056,2,188576,186986,reuse_window,True,1.008503310408266,2,0,0,0
case_056,3,150152,149107,balanced_window,True,1.0070083899481581,2,0,0,0
case_056,4,135060,134333,balanced_window,True,1.0054119240990673,2,0,0,0
case_056,5,135060,134333,balanced_window,True,1.0054119240990673,2,0,0,0
case_057,2,31115,31115,balanced_window,False,1.0,2,0,0,0
case_057,3,21456,21456,balanced_window,False,1.0,2,0,0,0
case_057,4,16621,16619,balanced_window,True,1.0001203441843673,2,0,0,0
case_057,5,16621,16619,balanced_window,True,1.0001203441843673,2,0,0,0
case_058,2,3629895,3621089,reuse_window,True,1.002431865110192,1,0,0,0
case_058,3,1506765,1506765,baseline,False,1.0,0,0,0,0
case_058,4,1506765,1506765,baseline,False,1.0,0,0,0,0
case_058,5,915736,915736,baseline,False,1.0,0,0,0,0
case_059,2,410916,410916,baseline,False,1.0,0,0,0,0
case_059,3,351835,351835,baseline,False,1.0,1,0,0,0
case_059,4,185216,185216,baseline,False,1.0,0,0,0,0
case_059,5,185216,185216,baseline,False,1.0,0,0,0,0
case_060,2,524719,524719,baseline,False,1.0,0,0,0,0
case_060,3,427594,427594,baseline,False,1.0,1,0,0,0
case_060,4,348914,348914,baseline,False,1.0,2,0,0,0
case_060,5,306436,306008,reuse_window,True,1.0013986562442811,1,0,0,0
case_061,2,47337,46314,reuse_window,True,1.0220883534136547,2,0,0,0
case_061,3,36521,33172,reuse_window,True,1.1009586398167128,2,0,0,0
case_061,4,31205,30975,reuse_window,True,1.0074253430185633,2,0,0,0
case_061,5,30639,30639,baseline,False,1.0,2,0,0,0
case_062,2,1784824,1784824,baseline,False,1.0,0,0,0,0
case_062,3,1189955,1189955,baseline,False,1.0,1,0,0,0
case_062,4,892782,892782,balanced_window,False,1.0,2,0,0,0
case_062,5,715381,715381,balanced_window,False,1.0,2,0,0,0
case_063,2,663139,637833,balanced_window,True,1.0396749619414487,2,0,0,0
case_063,3,446447,446447,balanced_window,False,1.0,2,0,0,0
case_063,4,335694,335694,balanced_window,False,1.0,2,0,0,0
case_063,5,266761,266761,baseline,False,1.0,2,0,0,0
case_064,2,14233,13970,balanced_window,True,1.01882605583393,2,0,0,0
case_064,3,12510,11582,balanced_window,True,1.0801243308582282,2,0,0,0
case_064,4,11821,11821,baseline,False,1.0,2,0,0,0
case_064,5,11821,11821,baseline,False,1.0,2,0,0,0
case_065,2,29065,29025,balanced_window,True,1.0013781223083549,2,0,0,0
case_065,3,20606,20606,baseline,False,1.0,1,0,0,0
case_065,4,17844,17844,baseline,False,1.0,1,0,0,0
case_065,5,17844,17844,baseline,False,1.0,1,0,0,0
case_066,2,185656,185656,baseline,False,1.0,2,0,0,0
case_066,3,132382,131549,balanced_window,True,1.0063322412181013,2,0,0,0
case_066,4,102232,99552,balanced_window,True,1.0269206043072967,2,0,0,0
case_066,5,91786,91786,baseline,False,1.0,2,0,0,0
case_067,2,32130317,32116988,reuse_window,True,1.0004150140106538,2,0,0,0
case_067,3,21555677,21555677,baseline,False,1.0,2,0,0,0
case_067,4,16060080,16060080,baseline,False,1.0,2,0,0,0
case_067,5,12878522,12878522,baseline,False,1.0,2,0,0,0
case_068,2,203899,203899,baseline,False,1.0,2,0,0,0
case_068,3,164663,164663,baseline,False,1.0,2,0,0,0
case_068,4,136482,136354,reuse_window,True,1.0009387330037989,2,0,0,0
case_068,5,136482,136354,reuse_window,True,1.0009387330037989,2,0,0,0
case_069,2,16323,16288,balanced_window,True,1.0021488212180747,2,0,0,0
case_069,3,13740,13740,baseline,False,1.0,2,0,0,0
case_069,4,13740,13740,baseline,False,1.0,2,0,0,0
case_069,5,13740,13740,baseline,False,1.0,2,0,0,0
case_070,2,68584,65978,reuse_window,True,1.0394980144896784,1,0,0,0
case_070,3,45534,45278,balanced_window,True,1.0056539599805645,2,0,0,0
case_070,4,42676,40683,reuse_window,True,1.0489885210038592,1,0,0,0
case_070,5,37974,37765,balanced_window,True,1.0055342248113333,2,0,0,0
case_071,2,13123,12631,reuse_window,True,1.038951785290159,2,0,0,0
case_071,3,10300,10300,baseline,False,1.0,2,0,0,0
case_071,4,10300,10300,baseline,False,1.0,2,0,0,0
case_071,5,10300,10300,baseline,False,1.0,2,0,0,0
case_072,2,14391144,14311602,reuse_window,True,1.0055578683644222,1,0,0,0
case_072,3,10386798,10386798,baseline,False,1.0,1,0,0,0
case_072,4,7583813,7583813,baseline,False,1.0,1,0,0,0
case_072,5,7185795,7100083,reuse_window,True,1.0120719715530087,2,0,0,0
case_073,2,5135220,5135220,baseline,False,1.0,1,0,0,0
case_073,3,4326521,4269593,reuse_window,True,1.0133333551933403,2,0,0,0
case_073,4,2699606,2699606,baseline,False,1.0,1,0,0,0
case_073,5,2798206,2798206,baseline,False,1.0,1,0,0,0
case_074,2,924834,924834,baseline,False,1.0,1,0,0,0
case_074,3,666888,661625,reuse_window,True,1.0079546570942755,1,0,0,0
case_074,4,527458,526124,reuse_window,True,1.0025355239449256,1,0,0,0
case_074,5,431365,431365,baseline,False,1.0,2,0,0,0
case_075,2,992854,992854,baseline,False,1.0,1,0,0,0
case_075,3,933924,933924,balanced_window,False,1.0,2,0,0,0
case_075,4,800301,800301,baseline,False,1.0,2,0,0,0
case_075,5,751559,751559,balanced_window,False,1.0,2,0,0,0
case_076,2,4589392,4589392,baseline,False,1.0,0,0,0,0
case_076,3,3601264,3601264,baseline,False,1.0,0,0,0,0
case_076,4,3092516,3091221,reuse_window,True,1.00041892831344,1,0,0,0
case_076,5,2191253,2191253,baseline,False,1.0,0,0,0,0
case_077,2,294734,294734,baseline,False,1.0,2,0,0,0
case_077,3,218216,216777,balanced_window,True,1.0066381581071793,2,0,0,0
case_077,4,159524,157225,balanced_window,True,1.0146223564954682,2,0,0,0
case_077,5,139967,133298,reuse_window,True,1.05003075815091,2,0,0,0
case_078,2,1067021,1067021,baseline,False,1.0,0,0,0,0
case_078,3,711922,711922,baseline,False,1.0,2,0,0,0
case_078,4,538711,538711,baseline,False,1.0,2,0,0,0
case_078,5,433085,433085,baseline,False,1.0,2,0,0,0
case_079,2,15438610,15438610,baseline,False,1.0,0,0,0,0
case_079,3,10278153,10278153,baseline,False,1.0,0,0,0,0
case_079,4,7687887,7687887,baseline,False,1.0,0,0,0,0
case_079,5,7687887,7687887,baseline,False,1.0,0,0,0,0
case_080,2,190690,187580,reuse_window,True,1.0165795927071117,1,0,0,0
case_080,3,108144,101509,reuse_window,True,1.0653636623353595,1,0,0,0
case_080,4,108144,101509,reuse_window,True,1.0653636623353595,1,0,0,0
case_080,5,75193,75193,baseline,False,1.0,0,0,0,0
case_081,2,83829,83829,baseline,False,1.0,1,0,0,0
case_081,3,63387,63387,baseline,False,1.0,1,0,0,0
case_081,4,49373,48576,reuse_window,True,1.016407279314888,1,0,0,0
case_081,5,43036,42657,reuse_window,True,1.00888482546827,1,0,0,0
case_082,2,428638,428638,baseline,False,1.0,2,0,0,0
case_082,3,337625,335460,balanced_window,True,1.006453824599058,2,0,0,0
case_082,4,267131,267131,baseline,False,1.0,2,0,0,0
case_082,5,233487,233487,baseline,False,1.0,2,0,0,0
case_083,2,438429,438429,balanced_window,False,1.0,2,0,0,0
case_083,3,294975,292405,balanced_window,True,1.0087891793915973,2,0,0,0
case_083,4,220025,220025,balanced_window,False,1.0,2,0,0,0
case_083,5,181015,181015,baseline,False,1.0,2,0,0,0
case_084,2,1276489,1275814,reuse_window,True,1.000529073987274,1,0,0,0
case_084,3,836220,836220,baseline,False,1.0,0,0,0,0
case_084,4,625992,625992,baseline,False,1.0,0,0,0,0
case_084,5,501224,501224,baseline,False,1.0,1,0,0,0
case_085,2,2388498,2387337,reuse_window,True,1.0004863159243962,1,0,0,0
case_085,3,2147360,2147360,baseline,False,1.0,2,0,0,0
case_085,4,2023040,2021879,reuse_window,True,1.000574218338486,1,0,0,0
case_085,5,1870896,1870479,reuse_window,True,1.0002229375470133,1,0,0,0
case_086,2,72139,71279,reuse_window,True,1.0120652646642068,2,0,0,0
case_086,3,59513,59513,baseline,False,1.0,2,0,0,0
case_086,4,47180,47180,baseline,False,1.0,2,0,0,0
case_086,5,47180,47180,baseline,False,1.0,2,0,0,0
case_087,2,2287771,2287771,baseline,False,1.0,2,0,0,0
case_087,3,1577719,1577719,baseline,False,1.0,2,0,0,0
case_087,4,1346575,1346575,baseline,False,1.0,2,0,0,0
case_087,5,1166481,1166481,baseline,False,1.0,2,0,0,0
case_088,2,135073,134995,balanced_window,True,1.0005777991777474,2,0,0,0
case_088,3,100296,100296,baseline,False,1.0,2,0,0,0
case_088,4,82429,80351,balanced_window,True,1.025861532526042,2,0,0,0
case_088,5,76993,76993,baseline,False,1.0,2,0,0,0
case_089,2,339435,339435,baseline,False,1.0,0,0,0,0
case_089,3,226846,226846,baseline,False,1.0,2,0,0,0
case_089,4,170137,170137,balanced_window,False,1.0,2,0,0,0
case_089,5,137328,137328,baseline,False,1.0,0,0,0,0
case_090,2,457807,457807,baseline,False,1.0,2,0,0,0
case_090,3,324546,324546,baseline,False,1.0,2,0,0,0
case_090,4,295220,269062,balanced_window,True,1.0972192282819573,2,0,0,0
case_090,5,295220,269062,balanced_window,True,1.0972192282819573,2,0,0,0
case_091,2,5690664,5690664,baseline,False,1.0,1,0,0,0
case_091,3,4645072,4629475,reuse_window,True,1.0033690645267552,1,0,0,0
case_091,4,4002793,3976008,balanced_window,True,1.00673665646548,2,0,0,0
case_091,5,3122835,3122835,baseline,False,1.0,0,0,0,0
case_092,2,2015242,2015242,baseline,False,1.0,1,0,0,0
case_092,3,1331907,1330599,balanced_window,True,1.0009830159198978,2,0,0,0
case_092,4,1018974,1018974,baseline,False,1.0,1,0,0,0
case_092,5,827744,827744,baseline,False,1.0,2,0,0,0
case_093,2,45680,45680,balanced_window,False,1.0,2,0,0,0
case_093,3,31740,26765,reuse_window,True,1.185877078273865,1,0,0,0
case_093,4,23577,23577,baseline,False,1.0,1,0,0,0
case_093,5,19912,19312,reuse_window,True,1.0310687655343829,1,0,0,0
case_094,2,51407,51407,baseline,False,1.0,2,0,0,0
case_094,3,36685,36685,baseline,False,1.0,2,0,0,0
case_094,4,30467,30467,baseline,False,1.0,0,0,0,0
case_094,5,26086,26086,baseline,False,1.0,1,0,0,0
case_095,2,1040351,1040351,baseline,False,1.0,0,0,0,0
case_095,3,693735,693735,baseline,False,1.0,0,0,0,0
case_095,4,522106,522106,baseline,False,1.0,1,0,0,0
case_095,5,418656,418656,baseline,False,1.0,1,0,0,0
case_096,2,44882,44882,baseline,False,1.0,2,0,0,0
case_096,3,36103,35025,balanced_window,True,1.0307780157030693,2,0,0,0
case_096,4,34929,34929,baseline,False,1.0,2,0,0,0
case_096,5,34929,34929,baseline,False,1.0,2,0,0,0
case_097,2,5834394,5834394,baseline,False,1.0,0,0,0,0
case_097,3,4253566,4243972,reuse_window,True,1.0022606181190639,2,0,0,0
case_097,4,2869852,2869852,baseline,False,1.0,0,0,0,0
case_097,5,2809291,2786482,reuse_window,True,1.0081855902891173,2,0,0,0
case_098,2,94554,94248,reuse_window,True,1.0032467532467533,2,0,0,0
case_098,3,87943,87943,baseline,False,1.0,2,0,0,0
case_098,4,87943,87943,baseline,False,1.0,2,0,0,0
case_098,5,87943,87943,baseline,False,1.0,2,0,0,0
case_099,2,1555599,1555453,reuse_window,True,1.0000938633311325,1,0,0,0
case_099,3,751508,751508,baseline,False,1.0,1,0,0,0
case_099,4,613641,613140,reuse_window,True,1.000817105391917,1,0,0,0
case_099,5,503340,503340,baseline,False,1.0,1,0,0,0
case_100,2,80850,78892,reuse_window,True,1.024818739542666,1,0,0,0
case_100,3,69368,69368,baseline,False,1.0,2,0,0,0
case_100,4,65227,65227,baseline,False,1.0,2,0,0,0
case_100,5,65227,65227,baseline,False,1.0,2,0,0,0
