case,cores,status,winner,t_i_1,t_i_k,speedup_t1_over_tk,added_copy_bytes,unique_plans,official_evaluations,cache_hits,failed_candidates,run_disposition,actual_wall_time_seconds,cold_cache_estimated_wall_time_seconds,peak_worker_rss_bytes
case_001,2,success,b0,233110,118572,1.965978477212158,8064,3,3,0,,adopted_locked_development_manifest,0.4379217000000608,0.4379217000000608,
case_001,3,success,b1,233110,99499,2.342837616458457,147840,4,4,0,,adopted_locked_development_manifest,0.5671575000001212,0.5671575000001212,
case_001,4,success,b0,233110,61884,3.766886432680499,115584,4,0,4,,adopted_locked_development_manifest,0.09421169999995982,1.3379597999942234,
case_001,5,success,b0,233110,50628,4.604369123805009,21888,3,3,0,,adopted_locked_development_manifest,0.4556536000000051,0.4556536000000051,
case_002,2,success,b2a_w4,261945,153541,1.7060264033710866,4584960,6,6,0,,executed,6.562337709590793,6.562337709590793,
case_002,3,success,b1,261945,112113,2.3364373444649593,205824,6,6,0,,executed,6.769809035584331,6.769809035584331,
case_002,4,success,b1,261945,85390,3.067630870125307,281088,6,6,0,,executed,6.922080837190151,6.922080837190151,
case_002,5,success,b1,261945,69680,3.759256601607348,264192,6,6,0,,executed,6.868034532293677,6.868034532293677,
case_003,2,success,b2a_w16,602212,407386,1.4782344017712932,4211938,6,6,0,,executed,96.50779460184276,96.50779460184276,234934272
case_003,3,success,b2a_w16,602212,330665,1.8212148246714954,5083146,6,6,0,,executed,94.4800338447094,94.4800338447094,235786240
case_003,4,success,b2a_w16,602212,309465,1.9459777357697963,5901106,6,6,0,,executed,92.18257922120392,92.18257922120392,243056640
case_003,5,success,b2a_w16,602212,293180,2.054069172522,6110028,6,6,0,,executed,90.72905180417001,90.72905180417001,239161344
case_004,2,success,b1,392357,249175,1.5746242600581921,2165760,5,5,0,,executed,1.942971631884575,1.942971631884575,
case_004,3,success,b1,392357,173560,2.2606418529615118,2439168,5,5,0,,executed,1.872241212055087,1.872241212055087,
case_004,4,success,b1,392357,139406,2.814491485301924,2715648,5,5,0,,executed,2.0142906922847033,2.0142906922847033,
case_004,5,success,b1,392357,116154,3.3779034729755324,3072000,5,5,0,,executed,2.1310169864445925,2.1310169864445925,
case_005,2,success,b2a_w16,95618,72314,1.3222612495505712,2360386,6,6,0,,executed,12.446273438632488,12.446273438632488,
case_005,3,success,b2a_w16,95618,65628,1.456969586152252,2496356,6,6,0,,executed,12.112871708348393,12.112871708348393,
case_005,4,success,b2a_w8,95618,62536,1.5290072917999233,1758192,6,6,0,,executed,12.380442783236504,12.380442783236504,
case_005,5,success,b2a_w8,95618,61582,1.5526939690169206,1802168,6,6,0,,executed,12.363160725682974,12.363160725682974,
case_006,2,success,b2a_w4,82837,54493,1.52014020149377,2033768,6,6,0,,executed,1.7350287530571222,1.7350287530571222,
case_006,3,success,b2a_w4,82837,53096,1.5601363567877053,2066536,6,6,0,,executed,1.8374821729958057,1.8374821729958057,
case_006,4,success,b2a_w4,82837,54589,1.517466888933668,2082920,6,6,0,,executed,1.9753672201186419,1.9753672201186419,
case_006,5,success,b1,82837,41337,2.0039431985872223,849150,6,6,0,,executed,2.0852641984820366,2.0852641984820366,
case_007,2,success,b1,1012562,620166,1.6327273665437962,4403712,5,5,0,,executed,22.23651915974915,22.23651915974915,154173440
case_007,3,success,b1,1012562,429420,2.357975874435285,4486656,5,5,0,,executed,18.35540765337646,18.35540765337646,170209280
case_007,4,success,b1,1012562,328001,3.08706985649434,4580352,5,5,0,,executed,21.410962212830782,21.410962212830782,163434496
case_007,5,success,b0,1012562,208922,4.846603038454543,671232,5,5,0,,executed,17.780368680134416,17.780368680134416,177766400
case_008,2,success,b0,487605,244924,1.9908420571279255,147456,5,5,0,,executed,2.3746692202985287,2.3746692202985287,
case_008,3,success,b0,487605,166440,2.929614275414564,0,4,4,0,,executed,2.088676456362009,2.088676456362009,
case_008,4,success,b0,487605,126466,3.8556212737020226,442368,5,5,0,,executed,2.4233093187212944,2.4233093187212944,
case_008,5,success,b1,487605,122980,3.9649129939827614,667008,5,5,0,,executed,2.721299637109041,2.721299637109041,
case_009,2,success,b2a_w4,153261,103393,1.4823150503418994,456306,6,6,0,,executed,22.406405445188284,22.406405445188284,118779904
case_009,3,success,b2a_w4,153261,100723,1.5216087686030002,505458,6,6,0,,executed,22.24836304038763,22.24836304038763,111595520
case_009,4,success,b2a_w4,153261,98845,1.5505184885426677,554610,6,6,0,,executed,22.118750711902976,22.118750711902976,122933248
case_009,5,success,b2a_w16,153261,96659,1.585584373933105,2157712,6,6,0,,executed,22.25833293609321,22.25833293609321,134033408
case_010,2,success,b1,86969,66374,1.3102871606351885,582646,6,6,0,,executed,1.6188618782907724,1.6188618782907724,
case_010,3,success,b1,86969,47147,1.8446348654209175,592314,6,6,0,,executed,1.7571577597409487,1.7571577597409487,
case_010,4,success,b1,86969,44496,1.9545352391226178,680338,6,6,0,,executed,1.8820991404354572,1.8820991404354572,
case_010,5,success,b1,86969,40860,2.1284630445423396,713736,6,6,0,,executed,1.9695724453777075,1.9695724453777075,
case_011,2,success,b0,184697,94212,1.9604402836156753,1261568,6,6,0,,executed,1.918414706364274,1.918414706364274,
case_011,3,success,b2a_w4,184697,98432,1.876391823797139,3145728,6,6,0,,executed,2.072835935279727,2.072835935279727,
case_011,4,success,b0,184697,49484,3.7324589766389136,1622016,6,6,0,,executed,2.1123607456684113,2.1123607456684113,
case_011,5,success,b2a_w4,184697,69119,2.6721596087906363,3145728,6,6,0,,executed,2.348246667534113,2.348246667534113,
case_012,2,success,b2a_w4,59088,40550,1.4571639950678175,1124538,6,6,0,,executed,2.9117764718830585,2.9117764718830585,
case_012,3,success,b2a_w4,59088,32790,1.8020128087831655,1129212,6,6,0,,executed,3.010074185207486,3.010074185207486,
case_012,4,success,b1,59088,23464,2.5182407091714967,317640,6,6,0,,executed,3.27078203484416,3.27078203484416,
case_012,5,success,b1,59088,25884,2.2828001854427447,421498,6,6,0,,executed,3.406599547713995,3.406599547713995,
case_013,2,success,b1,263949,166316,1.587033117679598,131072,4,4,0,,executed,7.157875277101994,7.157875277101994,
case_013,3,success,b1,263949,112530,2.3455878432418023,167936,4,4,0,,executed,7.331299267709255,7.331299267709255,
case_013,4,success,b1,263949,86044,3.067604946306541,290816,4,4,0,,executed,6.784811878576875,6.784811878576875,
case_013,5,success,b1,263949,70094,3.765643279025309,360448,4,4,0,,executed,7.27465233951807,7.27465233951807,
case_014,2,success,b2a_w4,17698626,11873679,1.4905764253859313,265001472,6,0,6,,adopted_locked_development_manifest,65.8657643,2730.7519391999917,
case_014,3,success,b2a_w4,17698626,8687186,2.0373255505292507,262318608,6,1,5,,adopted_locked_development_manifest,120.89258279999999,2813.7514761999996,
case_014,4,success,b2a_w4,17698626,8237041,2.1486630939435654,266032656,6,6,0,,adopted_locked_development_manifest,606.0443607999999,606.0443607999999,
case_014,5,success,b2a_w4,17698626,6890740,2.5684652156372176,262318608,6,6,0,,adopted_locked_development_manifest,566.9122229,566.9122229,
case_015,2,success,b2a_w4,177362,113380,1.5643146939495503,3050540,6,6,0,,executed,2.8929235637187958,2.8929235637187958,
case_015,3,success,b2a_w4,177362,97318,1.8224994348424752,3214384,6,6,0,,executed,3.029528995975852,3.029528995975852,
case_015,4,success,b2a_w4,177362,85038,2.0856793433523837,3345456,6,6,0,,executed,3.1335866320878267,3.1335866320878267,
case_015,5,success,b2a_w4,177362,78844,2.2495307188879305,3443760,6,6,0,,executed,3.328436626121402,3.328436626121402,
case_016,2,success,single,7715523,7715523,1.0,0,6,6,0,,adopted_locked_development_manifest,59.03027880000013,59.03027880000013,
case_016,3,success,single,7715523,7715523,1.0,0,6,6,0,,adopted_locked_development_manifest,56.160426700000016,56.160426700000016,
case_016,4,success,single,7715523,7715523,1.0,0,6,6,0,,adopted_locked_development_manifest,55.62267709999992,55.62267709999992,
case_016,5,success,single,7715523,7715523,1.0,0,6,6,0,,adopted_locked_development_manifest,54.89227199999982,54.89227199999982,
case_017,2,success,b2a_w4,162810,95785,1.6997442188234066,2032660,6,6,0,,executed,4.2980394680053,4.2980394680053,
case_017,3,success,b2a_w4,162810,79783,2.0406602910394445,2091028,6,6,0,,executed,4.486303990706801,4.486303990706801,
case_017,4,success,b2a_w4,162810,79737,2.0418375409157608,2149396,6,6,0,,executed,4.547237211838365,4.547237211838365,
case_017,5,success,b1,162810,62170,2.618787196396976,936404,6,6,0,,executed,4.838753076270223,4.838753076270223,
case_018,2,success,b2a_w4,1004367,613121,1.6381220020191773,9836456,6,6,0,,executed,13.385223105549812,13.385223105549812,
case_018,3,success,b2a_w4,1004367,467483,2.148456735325135,9836456,6,6,0,,executed,13.558577056974173,13.558577056974173,
case_018,4,success,b2a_w4,1004367,393004,2.5556152100233076,9836456,6,6,0,,executed,13.31071432493627,13.31071432493627,
case_018,5,success,b2a_w4,1004367,323742,3.102368552736438,9836456,6,6,0,,executed,13.585431421175599,13.585431421175599,
case_019,2,success,b2a_w4,81144,46216,1.7557555824822573,1040000,6,6,0,,executed,1.3929337281733751,1.3929337281733751,
case_019,3,success,b2a_w4,81144,39913,2.033021822463859,1042592,6,6,0,,executed,1.4999219700694084,1.4999219700694084,
case_019,4,success,b1,81144,27047,3.0001109180315746,266552,6,6,0,,executed,1.565496014431119,1.565496014431119,
case_019,5,success,b1,81144,24792,3.2729912875121006,378136,6,6,0,,executed,1.6633887235075235,1.6633887235075235,
case_020,2,success,b0,532746,267708,1.9900264467255369,0,6,6,0,,executed,36.80915918573737,36.80915918573737,116432896
case_020,3,success,b0,532746,179492,2.96807657165779,0,6,6,0,,executed,34.677395734936,34.677395734936,142970880
case_020,4,success,b0,532746,135660,3.9270676691729323,0,6,6,0,,executed,34.47145863994956,34.47145863994956,238657536
case_020,5,success,b1,532746,139208,3.8269783345784725,598016,6,6,0,,executed,37.67689264751971,37.67689264751971,248127488
case_021,2,success,b0,6567937,3102580,2.1169275248341703,6656000,5,5,0,,executed,25.363392746075988,25.363392746075988,164732928
case_021,3,success,b2a_w4,6567937,2822635,2.3268814423402246,72744960,5,5,0,,executed,24.469220455735922,24.469220455735922,159633408
case_021,4,success,b0,6567937,1557596,4.216714090174859,9523200,5,5,0,,executed,23.08381354250014,23.08381354250014,154394624
case_021,5,success,b0,6567937,1249504,5.256435353548288,8908800,5,5,0,,executed,21.75046444311738,21.75046444311738,173928448
case_022,2,success,b2a_w4,56780,34100,1.6651026392961876,1346040,6,6,0,,executed,3.444082397967577,3.444082397967577,
case_022,3,success,b2a_w4,56780,29789,1.9060727114035383,1346040,6,6,0,,executed,3.630771715193987,3.630771715193987,
case_022,4,success,b2a_w4,56780,28322,2.0048019207683074,1346040,6,6,0,,executed,3.783363724127412,3.783363724127412,
case_022,5,success,b2a_w4,56780,28919,1.9634150558456378,1346040,6,6,0,,executed,3.9861381500959396,3.9861381500959396,
case_023,2,success,b2a_w4,122614,72315,1.6955541727165873,1782584,6,6,0,,executed,2.53245753236115,2.53245753236115,
case_023,3,success,b2a_w4,122614,52621,2.330134357005758,1791800,6,6,0,,executed,2.705538660287857,2.705538660287857,
case_023,4,success,b2a_w4,122614,43979,2.788012460492508,1840952,6,6,0,,executed,2.7983737643808126,2.7983737643808126,
case_023,5,success,b2a_w4,122614,43602,2.8121187101509104,1890104,6,6,0,,executed,3.021627863869071,3.021627863869071,
case_024,2,success,single,2555343,2555343,1.0,0,6,6,0,,executed,19.911525966599584,19.911525966599584,126169088
case_024,3,success,single,2555343,2555343,1.0,0,6,6,0,,executed,19.741265688091516,19.741265688091516,
case_024,4,success,single,2555343,2555343,1.0,0,6,6,0,,executed,19.283533675596118,19.283533675596118,
case_024,5,success,single,2555343,2555343,1.0,0,6,6,0,,executed,19.999314203858376,19.999314203858376,135622656
case_025,2,success,b1,4863026,2969082,1.637888748104633,20616192,5,5,0,,adopted_locked_development_manifest,137.43608240000003,137.43608240000003,
case_025,3,success,b1,4863026,2051388,2.3706027333688215,20699136,5,5,0,,adopted_locked_development_manifest,145.58875080000007,145.58875080000007,
case_025,4,success,b1,4863026,1562605,3.112127505031662,20795904,5,5,0,,adopted_locked_development_manifest,126.06444859999988,126.06444859999988,
case_025,5,success,b0,4863026,979918,4.962686673782908,694272,5,5,0,,adopted_locked_development_manifest,139.38101429999983,139.38101429999983,
case_026,2,success,b2a_w4,99203,71676,1.3840476589095374,2249880,6,6,0,,executed,1.4595625512301922,1.4595625512301922,
case_026,3,success,b2a_w4,99203,66096,1.50089264100702,2323608,6,6,0,,executed,1.5701853148639202,1.5701853148639202,
case_026,4,success,b2a_w4,99203,65030,1.5254959249577118,2324760,6,6,0,,executed,1.6573321167379618,1.6573321167379618,
case_026,5,success,b1,99203,64735,1.5324476712751989,1166722,6,6,0,,executed,1.7665375843644142,1.7665375843644142,
case_027,2,success,b0,2363952,1119508,2.1115990238569085,3317760,6,6,0,,executed,5.2668753657490015,5.2668753657490015,
case_027,3,success,b0,2363952,750886,3.1482169064278733,4620288,6,6,0,,executed,5.242788773030043,5.242788773030043,
case_027,4,success,b0,2363952,565244,4.182179731231114,5529600,6,6,0,,executed,5.073574407026172,5.073574407026172,
case_027,5,success,b2a_w4,2363952,616065,3.8371795183949744,18481152,6,6,0,,executed,5.326489305123687,5.326489305123687,
case_028,2,success,b2a_w16,43836040,20389484,2.149933759971562,48190464,6,6,0,,executed,419.70689593441784,419.70689593441784,377737216
case_028,3,success,b2a_w16,43836040,13744872,3.189265058270459,52442112,6,6,0,,executed,372.82927937991917,372.82927937991917,367427584
case_028,4,success,b2a_w16,43836040,10285826,4.261790934437351,56736768,6,6,0,,executed,379.12659900821745,379.12659900821745,370380800
case_028,5,success,b2a_w16,43836040,8251690,5.312371162755751,61025280,6,6,0,,executed,375.52630117349327,375.52630117349327,368914432
case_029,2,success,b1,37555,25272,1.4860319721430832,270490,6,6,0,,executed,2.461660087108612,2.461660087108612,
case_029,3,success,b0,37555,13976,2.6871064682312538,122958,6,6,0,,executed,2.5613627526909113,2.5613627526909113,
case_029,4,success,b1,37555,15575,2.41123595505618,409772,6,6,0,,executed,2.63644702732563,2.63644702732563,
case_029,5,success,b1,37555,15605,2.4066004485741748,397516,6,6,0,,executed,2.8758814688771963,2.8758814688771963,
case_030,2,success,b2a_w4,2808034,2200787,1.2759226585762276,66977792,6,6,0,,executed,136.18632714822888,136.18632714822888,300285952
case_030,3,success,b2a_w4,2808034,1723596,1.6291718012805785,66977792,6,6,0,,executed,127.62293571606278,127.62293571606278,320774144
case_030,4,success,b1,2808034,1386306,2.0255513573482333,19053060,6,6,0,,executed,118.67346554994583,118.67346554994583,301334528
case_030,5,success,b1,2808034,1519378,1.848147070709198,20673540,6,6,0,,executed,128.57206145860255,128.57206145860255,319619072
case_031,2,success,b1,1414369,866386,1.6324929073184469,5059588,6,6,0,,executed,42.58397602662444,42.58397602662444,168267776
case_031,3,success,b2a_w4,1414369,697002,2.029217993635599,17801292,6,6,0,,executed,40.45813254080713,40.45813254080713,255332352
case_031,4,success,b2a_w4,1414369,583325,2.424667209531565,17828940,6,6,0,,executed,40.92184167355299,40.92184167355299,190230528
case_031,5,success,b2a_w4,1414369,481753,2.935880004898776,17856588,6,6,0,,executed,42.02990271151066,42.02990271151066,203661312
case_032,2,success,b0,41443,27012,1.5342440396860655,266406,6,6,0,,executed,2.107696548104286,2.107696548104286,
case_032,3,success,b2a_w4,41443,25171,1.646458225735966,1045676,6,6,0,,executed,2.237785615026951,2.237785615026951,
case_032,4,success,b1,41443,21007,1.97281858428143,399580,6,6,0,,executed,2.336661634966731,2.336661634966731,
case_032,5,success,b1,41443,25085,1.6521028503089497,434434,6,6,0,,executed,2.4620484616607428,2.4620484616607428,
case_033,2,success,b1,1774196,1086331,1.6332001940476706,6924292,6,6,0,,executed,26.318739933893085,26.318739933893085,236326912
case_033,3,success,b1,1774196,724891,2.44753487075988,9530372,6,6,0,,executed,22.33997024409473,22.33997024409473,177442816
case_033,4,success,b1,1774196,538947,3.291967484743398,10082308,6,6,0,,executed,22.211748460307717,22.211748460307717,180588544
case_033,5,success,b2a_w4,1774196,821139,2.1606524595714003,29562660,6,6,0,,executed,22.13753340765834,22.13753340765834,239538176
case_034,2,success,b2a_w4,842996,596520,1.413189834372695,15055988,6,6,0,,executed,22.69019803404808,22.69019803404808,150757376
case_034,3,success,b2a_w4,842996,438919,1.920618610723163,15055988,6,6,0,,executed,22.39124789275229,22.39124789275229,169811968
case_034,4,success,b2a_w4,842996,381731,2.208350906790384,15060596,6,6,0,,executed,21.869200391694903,21.869200391694903,177434624
case_034,5,success,b2a_w4,842996,363718,2.3177186721581005,15069812,6,6,0,,executed,22.73087641969323,22.73087641969323,234528768
case_035,2,success,b2a_w4,169571,106131,1.5977518349963724,525204,6,6,0,,executed,12.17678002640605,12.17678002640605,
case_035,3,success,b2a_w4,169571,99355,1.706718333249459,529812,6,6,0,,executed,11.963668974116445,11.963668974116445,
case_035,4,success,b2a_w4,169571,98103,1.7284996381354292,534420,6,6,0,,executed,12.50013511069119,12.50013511069119,
case_035,5,success,b2a_w4,169571,97043,1.7473800274105293,534420,6,6,0,,executed,12.263935446739197,12.263935446739197,
case_036,2,success,b0,931510,467772,1.9913761405128994,8064,3,3,0,,adopted_locked_development_manifest,3.1087947000000895,3.1087947000000895,
case_036,3,success,b1,931510,390499,2.3854350459284146,147840,4,4,0,,adopted_locked_development_manifest,3.731502299999647,3.731502299999647,
case_036,4,success,b0,931510,236236,3.9431331380483923,17280,3,3,0,,adopted_locked_development_manifest,2.9295114000001377,2.9295114000001377,
case_036,5,success,b0,931510,190308,4.894749563864893,21888,3,3,0,,adopted_locked_development_manifest,2.939342399999987,2.939342399999987,
case_037,2,success,b1,210001,133437,1.5737838830309434,1595392,5,5,0,,executed,2.016999823972583,2.016999823972583,
case_037,3,success,b1,210001,91873,2.2857749284338165,1978368,5,5,0,,executed,2.092481615021825,2.092481615021825,
case_037,4,success,b1,210001,70758,2.9678764238672657,2191360,5,5,0,,executed,2.1776057798415422,2.1776057798415422,
case_037,5,success,b0,210001,46592,4.507233001373627,1925120,5,5,0,,executed,2.129036132246256,2.129036132246256,
case_038,2,success,b2a_w4,1364555,1008722,1.3527562599011422,22607872,6,6,0,,executed,66.84059035032988,66.84059035032988,219914240
case_038,3,success,b2a_w4,1364555,795870,1.7145450890220764,22706176,6,6,0,,executed,64.52124243229628,64.52124243229628,204980224
case_038,4,success,b1,1364555,754961,1.8074509809115968,10424836,6,6,0,,executed,59.88564074411988,59.88564074411988,227905536
case_038,5,success,b1,1364555,737342,1.8506405440080722,11362820,6,6,0,,executed,59.491256553679705,59.491256553679705,225992704
case_039,2,success,b1,1435262,870099,1.6495387306501903,13533184,5,5,0,,executed,40.37748942151666,40.37748942151666,226889728
case_039,3,success,b1,1435262,702273,2.043737976541886,15388672,5,5,0,,executed,40.58687355183065,40.58687355183065,220332032
case_039,4,success,b1,1435262,565084,2.5399091108578546,16969728,5,5,0,,executed,38.5418781042099,38.5418781042099,147148800
case_039,5,success,b1,1435262,537968,2.667931921601285,18665472,5,5,0,,executed,38.982879504561424,38.982879504561424,289845248
case_040,2,success,b2a_w4,253454,147941,1.7132099958767346,847184,6,6,0,,executed,8.480196760967374,8.480196760967374,
case_040,3,success,b2a_w4,253454,133644,1.8964861871838616,871760,6,6,0,,executed,8.58126457221806,8.58126457221806,
case_040,4,success,b2a_w4,253454,127075,1.9945229195357073,896336,6,6,0,,executed,8.685150854289532,8.685150854289532,
case_040,5,success,b2a_w4,253454,119987,2.112345504096277,920912,6,6,0,,executed,8.824045097455382,8.824045097455382,
case_041,2,success,b1,6003957,3673618,1.6343443983560622,21554184,6,6,0,,executed,563.9448683280498,563.9448683280498,521240576
case_041,3,success,b2a_w4,6003957,3425567,1.7526899926347959,106948624,6,6,0,,executed,467.5760389864445,467.5760389864445,501714944
case_041,4,success,b1,6003957,2164802,2.7734439454509006,28938252,6,6,0,,executed,448.22597282752395,448.22597282752395,508211200
case_041,5,success,b1,6003957,2012046,2.984005832868632,31777808,6,6,0,,executed,471.70658843778074,471.70658843778074,515051520
case_042,2,success,b2a_w4,1686740,1007984,1.6733797361862888,19385376,6,6,0,,executed,31.732591189444065,31.732591189444065,148074496
case_042,3,success,b2a_w4,1686740,756202,2.2305415748702067,19459104,6,6,0,,executed,32.2598334196955,32.2598334196955,173121536
case_042,4,success,b2a_w4,1686740,623840,2.7038022569889715,19532832,6,6,0,,executed,32.393664410337806,32.393664410337806,161447936
case_042,5,success,b2a_w4,1686740,565621,2.9821028568599823,19606560,6,6,0,,executed,29.853877732530236,29.853877732530236,226930688
case_043,2,success,b2a_w4,677656,349722,1.9376990867031527,2549426,6,6,0,,executed,52.576558416709304,52.576558416709304,204062720
case_043,3,success,b2a_w8,677656,286671,2.3638805459917465,5522026,6,6,0,,executed,53.39881602860987,53.39881602860987,240517120
case_043,4,success,b2a_w16,677656,287497,2.357088943536802,8415762,6,6,0,,executed,52.491712260991335,52.491712260991335,218214400
case_043,5,success,b2a_w8,677656,237206,2.8568248695226934,5690482,6,6,0,,executed,52.85772005096078,52.85772005096078,281075712
case_044,2,success,b2a_w4,154407,87589,1.762858349792782,2915104,6,6,0,,executed,2.803145343437791,2.803145343437791,
case_044,3,success,b2a_w4,154407,105381,1.4652261792922823,4775904,6,6,0,,executed,2.95758275128901,2.95758275128901,
case_044,4,success,b2a_w4,154407,133879,1.15333248679778,6636704,6,6,0,,executed,3.045488227158785,3.045488227158785,
case_044,5,success,single,154407,154407,1.0,4438112,6,6,0,,executed,3.385288719087839,3.385288719087839,
case_045,2,success,b1,125614,80336,1.5636078470424217,217088,6,6,0,,executed,4.086431486532092,4.086431486532092,
case_045,3,success,b1,125614,55620,2.2584322186263934,323584,6,6,0,,executed,4.457513440400362,4.457513440400362,
case_045,4,success,b1,125614,44141,2.845744319340296,466944,6,6,0,,executed,4.41722783818841,4.41722783818841,
case_045,5,success,b1,125614,36900,3.404173441734417,450560,6,6,0,,executed,4.752755677327514,4.752755677327514,
case_046,2,success,b2a_w4,276455,154820,1.785654308228911,3151648,5,5,0,,executed,1.589163264259696,1.589163264259696,
case_046,3,success,b2a_w4,276455,133612,2.0690881058587554,5012448,6,6,0,,executed,2.0512320771813393,2.0512320771813393,
case_046,4,success,b0,276455,144472,1.9135541835096075,6774944,5,5,0,,executed,1.7659920547157526,1.7659920547157526,
case_046,5,success,b2a_w4,276455,147428,1.8751865317307432,6873248,6,6,0,,executed,2.279000997543335,2.279000997543335,
case_047,2,success,b2a_w16,326508,253283,1.2891034929308323,1518112,6,6,0,,executed,100.81016009673476,100.81016009673476,244293632
case_047,3,success,b2a_w16,326508,233731,1.3969392164496792,1747908,6,6,0,,executed,99.43764552101493,99.43764552101493,265158656
case_047,4,success,b2a_w16,326508,217701,1.4998001846569378,1801306,6,6,0,,executed,98.11643828824162,98.11643828824162,231985152
case_047,5,success,b2a_w16,326508,213351,1.530379515446377,1828066,6,6,0,,executed,93.16257595270872,93.16257595270872,319991808
case_048,2,success,b2a_w16,222220,176165,1.2614310447591746,650944,6,6,0,,adopted_locked_development_manifest,1.8159725999998955,1.8159725999998955,
case_048,3,success,b2a_w16,222220,163641,1.3579726352197798,651072,6,6,0,,adopted_locked_development_manifest,1.3600689999998394,1.3600689999998394,
case_048,4,success,b2a_w16,222220,163676,1.357682250299372,651200,6,6,0,,adopted_locked_development_manifest,1.3711350000000948,1.3711350000000948,
case_048,5,success,b2a_w16,222220,163676,1.357682250299372,651328,6,6,0,,adopted_locked_development_manifest,1.469983700000057,1.469983700000057,
case_049,2,success,b2a_w8,196276,139420,1.4078037584277723,1434798,6,6,0,,executed,13.465865962207317,13.465865962207317,
case_049,3,success,b2a_w16,196276,119670,1.6401437285869473,2958270,6,6,0,,executed,13.670263713225722,13.670263713225722,
case_049,4,success,b2a_w8,196276,112197,1.7493872385179638,1570092,6,6,0,,executed,13.512999149039388,13.512999149039388,
case_049,5,success,b2a_w16,196276,106993,1.8344751525800753,3030208,6,6,0,,executed,13.965453624725342,13.965453624725342,
case_050,2,success,b2a_w16,149690,98315,1.5225550526369322,2499756,6,6,0,,executed,15.419445356354117,15.419445356354117,
case_050,3,success,b2a_w16,149690,75193,1.990743819238493,2598792,6,6,0,,executed,15.555450927466154,15.555450927466154,
case_050,4,success,b2a_w16,149690,67066,2.231980437181284,2694180,6,0,6,,executed,0.9820805247873068,16.819395624792378,
case_050,5,success,b2a_w16,149690,64330,2.32690812995492,2744404,6,6,0,,executed,15.68460575863719,15.68460575863719,
case_051,2,success,single,607628,607628,1.0,0,4,4,0,,executed,1.6539815533906221,1.6539815533906221,
case_051,3,success,single,607628,607628,1.0,0,5,5,0,,executed,1.9612722676247358,1.9612722676247358,
case_051,4,success,single,607628,607628,1.0,0,6,6,0,,executed,2.339772505685687,2.339772505685687,
case_051,5,success,single,607628,607628,1.0,0,6,6,0,,executed,2.394938910380006,2.394938910380006,
case_052,2,success,b1,180301,108708,1.6585807852227987,726294,6,6,0,,executed,3.166866924613714,3.166866924613714,
case_052,3,success,b2a_w4,180301,88831,2.029708097398431,2746432,6,6,0,,executed,3.3393109887838364,3.3393109887838364,
case_052,4,success,b2a_w4,180301,82250,2.1921094224924014,2801728,6,6,0,,executed,3.5096468459814787,3.5096468459814787,
case_052,5,success,b2a_w4,180301,72062,2.502026033138131,2857024,6,6,0,,executed,3.583424773067236,3.583424773067236,
case_053,2,success,b2a_w4,1472686,765799,1.9230711975335564,3596396,6,6,0,,executed,87.86749447695911,87.86749447695911,304508928
case_053,3,success,b2a_w4,1472686,588970,2.500443146510009,5521516,6,6,0,,executed,85.76205344498158,85.76205344498158,228839424
case_053,4,success,b2a_w4,1472686,494780,2.9764460972553457,7431276,6,6,0,,executed,84.4504436198622,84.4504436198622,238489600
case_053,5,success,b2a_w16,1472686,505895,2.9110507121042906,14981424,6,6,0,,executed,84.55603791214526,84.55603791214526,259612672
case_054,2,success,b2a_w16,815051,517697,1.5743784491700743,6563522,6,6,0,,executed,149.7245478592813,149.7245478592813,278896640
case_054,3,success,b2a_w16,815051,440388,1.850756605538752,6895214,6,6,0,,executed,142.09667993709445,142.09667993709445,268947456
case_054,4,success,b2a_w16,815051,365690,2.2288030845798352,7141466,6,6,0,,executed,140.28995997272432,140.28995997272432,297664512
case_054,5,success,b2a_w16,815051,309877,2.6302403857014234,7332666,6,6,0,,executed,129.13800152391195,129.13800152391195,343584768
case_055,2,success,b2a_w4,118835,71645,1.6586642473305884,1977060,6,6,0,,adopted_locked_development_manifest,1.3880608999998003,1.3880608999998003,
case_055,3,success,b2a_w4,118835,60780,1.955166173083251,2001636,6,6,0,,adopted_locked_development_manifest,1.452100900000005,1.452100900000005,
case_055,4,success,b2a_w4,118835,52781,2.2514730679600614,2018020,6,6,0,,adopted_locked_development_manifest,1.491736100000253,1.491736100000253,
case_055,5,success,b1,118835,46207,2.5717964810526546,894358,6,6,0,,adopted_locked_development_manifest,1.576745899999878,1.576745899999878,
case_056,2,success,b2a_w16,277285,210518,1.3171557776532172,2913858,6,6,0,,adopted_locked_development_manifest,13.184600800000226,13.184600800000226,
case_056,3,success,b2a_w16,277285,182132,1.5224397689587772,3059426,6,6,0,,adopted_locked_development_manifest,12.89386790000026,12.89386790000026,
case_056,4,success,b2a_w16,277285,164272,1.6879626473166456,3187008,6,6,0,,adopted_locked_development_manifest,12.973250100000314,12.973250100000314,
case_056,5,success,b2a_w16,277285,160648,1.726040784821473,3267474,6,6,0,,adopted_locked_development_manifest,12.99701849999974,12.99701849999974,
case_057,2,success,b2a_w4,59726,35529,1.6810492836837514,1124990,6,6,0,,executed,2.0064615085721016,2.0064615085721016,
case_057,3,success,b2a_w4,59726,28308,2.1098629362724317,1137280,6,6,0,,executed,2.1086554266512394,2.1086554266512394,
case_057,4,success,b2a_w4,59726,26544,2.250075346594334,1153668,6,6,0,,executed,2.2166898231953382,2.2166898231953382,
case_057,5,success,b2a_w4,59726,26476,2.255854358664451,1165960,6,6,0,,executed,2.331721246242523,2.331721246242523,
case_058,2,success,b2a_w4,4539717,3875932,1.1712581644879219,122425344,5,5,0,,executed,536.4779957719147,536.4779957719147,512835584
case_058,3,success,b0,4539717,1529236,2.968617662676003,34037760,5,5,0,,executed,463.8241487443447,463.8241487443447,554876928
case_058,4,success,b2a_w4,4539717,2527859,1.795874295203965,119070720,5,5,0,,executed,441.8213823568076,441.8213823568076,502878208
case_058,5,success,b0,4539717,972688,4.667187217278305,39665664,5,5,0,,executed,422.52727908827364,422.52727908827364,441987072
case_059,2,success,b0,829473,370884,2.2364755556993563,5046272,6,6,0,,executed,12.344184756278992,12.344184756278992,
case_059,3,success,b2a_w4,829473,389072,2.131926738495703,12582912,6,6,0,,executed,12.091148015111685,12.091148015111685,
case_059,4,success,b0,829473,187820,4.416318815887552,5406720,6,6,0,,executed,12.11671544611454,12.11671544611454,
case_059,5,success,b2a_w4,829473,267515,3.1006597760873222,12582912,6,6,0,,executed,13.287423202767968,13.287423202767968,
case_060,2,success,b1,888789,552794,1.6078123134476858,5445690,6,6,0,,executed,40.62182375229895,40.62182375229895,182530048
case_060,3,success,b1,888789,427246,2.080274595900254,6721662,6,6,0,,executed,40.39625180140138,40.39625180140138,229240832
case_060,4,success,b1,888789,388078,2.2902328913259704,7163986,6,6,0,,executed,40.470895156264305,40.470895156264305,212656128
case_060,5,success,b1,888789,331141,2.6840197982128458,8007770,6,6,0,,executed,39.878132501617074,39.878132501617074,239677440
case_061,2,success,b1,77191,55008,1.4032686154741127,221910,6,6,0,,executed,3.231508431956172,3.231508431956172,
case_061,3,success,b2a_w4,77191,42307,1.8245444016356631,1338952,6,6,0,,executed,3.3201296366751194,3.3201296366751194,
case_061,4,success,b2a_w4,77191,41145,1.8760724267833273,1338952,6,6,0,,executed,3.539028562605381,3.539028562605381,
case_061,5,success,b2a_w4,77191,40974,1.883901986625665,1338952,6,6,0,,executed,3.6796336695551872,3.6796336695551872,
case_062,2,success,b2a_w4,2854809,1640007,1.7407297651778315,50250240,6,6,0,,executed,515.4748619794846,515.4748619794846,676569088
case_062,3,success,b1,2854809,1192564,2.3938413368171436,247296,6,6,0,,executed,386.11093209683895,386.11093209683895,572088320
case_062,4,success,b1,2854809,895100,3.1893743715785945,431616,6,6,0,,executed,430.5427349861711,430.5427349861711,724307968
case_062,5,success,b1,2854809,718658,3.9724166432433785,529920,6,6,0,,executed,413.6351889241487,413.6351889241487,723681280
case_063,2,success,b2a_w4,1070397,617043,1.7347202707104692,18823680,6,6,0,,executed,65.70367707312107,65.70367707312107,277950464
case_063,3,success,b1,1070397,448490,2.3866685990769025,287232,6,6,0,,executed,64.24991810508072,64.24991810508072,301854720
case_063,4,success,b1,1070397,338258,3.1644395697958365,370176,6,6,0,,executed,62.09447196498513,62.09447196498513,304328704
case_063,5,success,b1,1070397,271928,3.936325056632638,364032,6,6,0,,executed,60.19738554768264,60.19738554768264,344285184
case_064,2,success,b2a_w4,19116,17926,1.0663840232065156,57174,6,6,0,,adopted_locked_development_manifest,0.6644447000003311,0.6644447000003311,
case_064,3,success,b2a_w4,19116,16935,1.128786536758193,57242,6,6,0,,adopted_locked_development_manifest,0.6577621000001272,0.6577621000001272,
case_064,4,success,b2a_w8,19116,16072,1.1893977103036337,121864,6,6,0,,adopted_locked_development_manifest,0.6858534000002692,0.6858534000002692,
case_064,5,success,b2a_w8,19116,16081,1.1887320440271127,121928,6,6,0,,adopted_locked_development_manifest,0.7029169000002184,0.7029169000002184,
case_065,2,success,b2a_w4,53068,33464,1.5858235715993305,855724,6,6,0,,executed,1.7221304532140493,1.7221304532140493,
case_065,3,success,b1,53068,24538,2.162686445513082,300856,6,6,0,,executed,1.8547305148094893,1.8547305148094893,
case_065,4,success,b2a_w4,53068,23966,2.2143035967620794,890544,6,6,0,,executed,2.010298155248165,2.010298155248165,
case_065,5,success,b2a_w4,53068,22977,2.309613961787875,916148,6,6,0,,executed,2.1082013193517923,2.1082013193517923,
case_066,2,success,b2a_w8,359070,196267,1.82949757218483,2021184,6,6,0,,executed,23.425029704347253,23.425029704347253,180400128
case_066,3,success,b2a_w8,359070,144846,2.478977672838739,2295066,6,6,0,,executed,23.44349891319871,23.44349891319871,184401920
case_066,4,success,b2a_w8,359070,128719,2.7895648661036834,2372426,6,6,0,,executed,23.376283943653107,23.376283943653107,199000064
case_066,5,success,b2a_w8,359070,115064,3.120611138149204,2445690,6,6,0,,executed,23.656602554023266,23.656602554023266,223272960
case_067,2,success,b2a_w8,63834834,32108755,1.9880818798486581,219499648,6,6,0,,executed,71.7212531901896,71.7212531901896,255315968
case_067,3,success,b2a_w8,63834834,21639488,2.949923491720322,220745600,6,6,0,,executed,68.33594676293433,68.33594676293433,299900928
case_067,4,success,b2a_w8,63834834,16587795,3.8483013565094093,221991552,6,6,0,,executed,68.94725032523274,68.94725032523274,252039168
case_067,5,success,b2a_w16,63834834,13419797,4.756765992808982,221533568,6,6,0,,executed,66.99963403493166,66.99963403493166,276078592
case_068,2,success,b2a_w16,362095,228701,1.583268109890206,3252326,6,6,0,,executed,19.758984873071313,19.758984873071313,211894272
case_068,3,success,b2a_w16,362095,187358,1.9326369837423543,3255914,6,6,0,,executed,19.406530672684312,19.406530672684312,189558784
case_068,4,success,b2a_w16,362095,171172,2.115386862337298,3259502,6,6,0,,executed,19.34497662074864,19.34497662074864,218406912
case_068,5,success,b2a_w16,362095,170197,2.127505185167776,3266674,6,6,0,,executed,19.91153110563755,19.91153110563755,209260544
case_069,2,success,b2a_w4,25144,21908,1.1477085995983203,456078,6,6,0,,executed,2.133483985438943,2.133483985438943,
case_069,3,success,b2a_w4,25144,18665,1.3471202785963032,503702,6,6,0,,executed,2.2145368568599224,2.2145368568599224,
case_069,4,success,b2a_w4,25144,18008,1.396268325188805,503706,6,6,0,,executed,2.2845872938632965,2.2845872938632965,
case_069,5,success,b2a_w4,25144,18204,1.3812348934300154,503710,6,6,0,,executed,2.454205960035324,2.454205960035324,
case_070,2,success,b2a_w4,117300,75454,1.554589551249768,1886666,6,6,0,,executed,3.207993868738413,3.207993868738413,
case_070,3,success,b2a_w4,117300,55893,2.0986527829960817,1984970,6,6,0,,executed,3.3078784346580505,3.3078784346580505,
case_070,4,success,b2a_w4,117300,50978,2.3009925850366826,2083274,6,6,0,,executed,3.533603982999921,3.533603982999921,
case_070,5,success,b1,117300,46898,2.5011727579001235,954568,6,6,0,,executed,3.6654113195836544,3.6654113195836544,
case_071,2,success,b2a_w4,18919,16356,1.1567009048667156,321038,6,6,0,,executed,1.4483006931841373,1.4483006931841373,
case_071,3,success,b2a_w4,18919,14761,1.2816882325045729,354068,6,6,0,,executed,1.5098866820335388,1.5098866820335388,
case_071,4,success,b2a_w4,18919,14363,1.3172039267562488,354072,6,6,0,,executed,1.6092824544757605,1.6092824544757605,
case_071,5,success,b2a_w4,18919,15116,1.251587721619476,354076,6,6,0,,executed,1.6788074411451817,1.6788074411451817,
case_072,2,success,b2a_w4,23897828,15845126,1.5082131880806755,261688546,6,6,0,,executed,1532.5172156654298,1532.5172156654298,783241216
case_072,3,success,b2a_w4,23897828,11493060,2.0793268285382656,233614562,6,6,0,,executed,1409.496247569099,1409.496247569099,748580864
case_072,4,success,b2a_w4,23897828,7571188,3.1564171963501635,232385762,6,6,0,,executed,1408.635177647695,1408.635177647695,758067200
case_072,5,success,b2a_w4,23897828,7359577,3.2471741242737187,232385762,6,6,0,,executed,1344.7835370916873,1344.7835370916873,736079872
case_073,2,success,b2a_w4,10081626,5287173,1.9068084210597989,137754240,6,6,0,,executed,23.778637619689107,23.778637619689107,217923584
case_073,3,success,b2a_w4,10081626,4360653,2.3119532785571337,137655680,6,6,0,,executed,21.955952050164342,21.955952050164342,208183296
case_073,4,success,b2a_w16,10081626,3484122,2.8935915562084222,111917696,6,6,0,,executed,23.08601776137948,23.08601776137948,192245760
case_073,5,success,b2a_w16,10081626,3143181,3.2074595767790655,114050432,6,6,0,,executed,22.75480348430574,22.75480348430574,173678592
case_074,2,success,b2a_w4,1682239,1056450,1.5923507974821336,18104624,6,6,0,,adopted_locked_development_manifest,8.11265000000003,8.11265000000003,
case_074,3,success,b2a_w4,1682239,693574,2.4254643340148276,14942512,6,6,0,,adopted_locked_development_manifest,7.378498000000036,7.378498000000036,
case_074,4,success,b2a_w4,1682239,568390,2.9596562219602736,14958896,6,6,0,,adopted_locked_development_manifest,7.866215099999863,7.866215099999863,
case_074,5,success,b2a_w4,1682239,491359,3.423645440502769,14975280,6,6,0,,adopted_locked_development_manifest,7.6771748999999545,7.6771748999999545,
case_075,2,success,b2a_w16,1441809,1011157,1.4259002311213789,3980862,6,6,0,,executed,31.563006334006786,31.563006334006786,223920128
case_075,3,success,b2a_w16,1441809,952515,1.5136863986393916,4172632,6,6,0,,executed,31.248547591269016,31.248547591269016,206913536
case_075,4,success,b2a_w16,1441809,818188,1.7621976856174864,4172888,6,6,0,,executed,30.975215572863817,30.975215572863817,209805312
case_075,5,success,b2a_w16,1441809,773824,1.8632260048796625,4173144,6,6,0,,executed,30.916494945064187,30.916494945064187,183861248
case_076,2,success,b1,6185113,4643593,1.3319670780794097,47734784,6,6,0,,executed,2263.7647895310074,2263.7647895310074,975994880
case_076,3,success,b1,6185113,3515382,1.7594426437866497,49615880,6,6,0,,executed,1923.9841106161475,1923.9841106161475,972521472
case_076,4,success,b1,6185113,3048404,2.028967617153107,52178944,6,6,0,,executed,1807.0481267850846,1807.0481267850846,1021825024
case_076,5,success,b1,6185113,2141370,2.888390609749833,54043652,6,6,0,,executed,1448.6061372943223,1448.6061372943223,1116459008
case_077,2,success,b2a_w4,495320,302526,1.6372807626451942,3259766,6,6,0,,executed,16.593169037252665,16.593169037252665,
case_077,3,success,b2a_w8,495320,244792,2.023432138305173,4638158,6,6,0,,executed,16.263145243749022,16.263145243749022,
case_077,4,success,b2a_w8,495320,188985,2.6209487525464983,4667094,6,6,0,,executed,16.323480682447553,16.323480682447553,
case_077,5,success,b2a_w8,495320,166614,2.9728594235778507,4697690,6,6,0,,executed,16.940882548689842,16.940882548689842,
case_078,2,success,b0,2296143,1080972,2.1241466013920807,15039360,5,5,0,,executed,1.8349773976951838,1.8349773976951838,
case_078,3,success,b1,2296143,765122,3.0010155243216117,14693376,6,6,0,,executed,2.3800874277949333,2.3800874277949333,
case_078,4,success,b1,2296143,632100,3.632562885619364,15432576,6,6,0,,executed,2.3254181686788797,2.3254181686788797,
case_078,5,success,b2a_w4,2296143,561557,4.088886791545649,15580032,6,6,0,,executed,2.4886812157928944,2.4886812157928944,
case_079,2,success,b0,31052251,15450384,2.0098044812349,34050048,5,5,0,,executed,649.7209221813828,649.7209221813828,588103680
case_079,3,success,b0,31052251,10180207,3.050257327773394,35033088,5,5,0,,executed,492.22614935971797,492.22614935971797,603721728
case_079,4,success,b0,31052251,7723180,4.020656128693103,35672064,5,5,0,,executed,569.5477827377617,569.5477827377617,613879808
case_079,5,success,b1,31052251,9147564,3.394592374538183,143568896,5,5,0,,executed,502.1767772436142,502.1767772436142,607428608
case_080,2,success,b2a_w4,292138,222646,1.3121187894684836,6930432,5,5,0,,executed,3.452038509771228,3.452038509771228,
case_080,3,success,b0,292138,119704,2.4405032413286105,4263936,5,5,0,,executed,3.545447552576661,3.545447552576661,
case_080,4,success,b2a_w4,292138,157534,1.854444119999492,6930432,5,5,0,,executed,3.537245536223054,3.537245536223054,
case_080,5,success,b1,292138,137953,2.1176632621255065,5681152,5,5,0,,executed,3.9885217864066362,3.9885217864066362,
case_081,2,success,b1,151795,96614,1.571149108824808,811530,6,6,0,,executed,18.109793916344643,18.109793916344643,253861888
case_081,3,success,b1,151795,66182,2.2935994681333294,807488,6,6,0,,executed,18.658339478075504,18.658339478075504,243621888
case_081,4,success,b1,151795,52379,2.8980125622864126,944662,6,6,0,,executed,17.746363079175353,17.746363079175353,261459968
case_081,5,success,b1,151795,53692,2.8271437085599342,1000040,6,6,0,,executed,19.291092224419117,19.291092224419117,244670464
case_082,2,success,b2a_w16,721041,457211,1.5770421096605287,3894114,6,6,0,,executed,12.319055657833815,12.319055657833815,
case_082,3,success,b2a_w16,721041,375126,1.922130164264807,4377220,6,6,0,,executed,12.515310514718294,12.515310514718294,
case_082,4,success,b2a_w16,721041,294915,2.444911245613143,4443548,6,6,0,,executed,12.219828585162759,12.219828585162759,
case_082,5,success,b2a_w16,721041,264804,2.722923369737617,4552362,6,6,0,,executed,12.662300318479538,12.662300318479538,
case_083,2,success,b2a_w4,1057993,472408,2.2395746896750266,4187936,6,6,0,,executed,13.18409095145762,13.18409095145762,
case_083,3,success,b2a_w8,1057993,341275,3.100118672624716,7032800,6,6,0,,executed,13.881115403026342,13.881115403026342,
case_083,4,success,b2a_w8,1057993,287302,3.6825117820272744,8893600,6,6,0,,executed,13.296718277037144,13.296718277037144,
case_083,5,success,b2a_w8,1057993,277053,3.8187386528931286,10754400,6,6,0,,executed,14.125299898907542,14.125299898907542,
case_084,2,success,b2a_w4,2507412,1257025,1.9947192776595533,29776896,5,5,0,,executed,108.39712741971016,108.39712741971016,416387072
case_084,3,success,b0,2507412,836541,2.9973569735374594,82944,5,5,0,,executed,90.76312747597694,90.76312747597694,362110976
case_084,4,success,b0,2507412,630754,3.9752613538717156,101376,5,5,0,,executed,100.22520794905722,100.22520794905722,464199680
case_084,5,success,b1,2507412,505173,4.963471919520639,92160,5,5,0,,executed,95.96345053426921,95.96345053426921,454045696
case_085,2,success,b2a_w16,3187899,2379485,1.3397432637734636,9492140,6,6,0,,executed,206.00879764929414,206.00879764929414,400662528
case_085,3,success,b2a_w16,3187899,2140299,1.4894643225082103,10641880,6,6,0,,executed,199.4491633642465,199.4491633642465,382427136
case_085,4,success,b2a_w16,3187899,2011650,1.5847185146521512,11791620,6,6,0,,executed,194.32994555868208,194.32994555868208,405102592
case_085,5,success,b2a_w16,3187899,1881266,1.6945498403734507,12096030,6,6,0,,executed,185.8226277306676,185.8226277306676,401448960
case_086,2,success,b2a_w16,118403,91416,1.2952109039992998,2978098,6,6,0,,executed,18.244974808767438,18.244974808767438,
case_086,3,success,b2a_w16,118403,83924,1.4108359944711881,3269108,6,6,0,,executed,17.835513208061457,17.835513208061457,
case_086,4,success,b2a_w8,118403,75245,1.573566349923583,2084406,6,6,0,,executed,17.919096997007728,17.919096997007728,
case_086,5,success,b2a_w16,118403,75300,1.5724169986719787,3458802,6,6,0,,executed,18.092730993404984,18.092730993404984,214392832
case_087,2,success,b2a_w4,3974071,2242785,1.7719357851956385,28326240,6,6,0,,adopted_locked_development_manifest,189.65922170000022,189.65922170000022,
case_087,3,success,b2a_w4,3974071,1591733,2.496694483308444,28326240,6,6,0,,adopted_locked_development_manifest,181.03534760000002,181.03534760000002,
case_087,4,success,b2a_w8,3974071,1387347,2.864511185737959,35818216,6,6,0,,adopted_locked_development_manifest,173.0281587999998,173.0281587999998,
case_087,5,success,b2a_w8,3974071,1221168,3.2543196349724197,37435656,6,6,0,,adopted_locked_development_manifest,168.76150320000033,168.76150320000033,
case_088,2,success,b2a_w16,243623,158945,1.5327503224385794,2658980,6,6,0,,executed,8.774294504895806,8.774294504895806,
case_088,3,success,b2a_w16,243623,123889,1.966461913487073,2809516,6,6,0,,executed,8.946328360587358,8.946328360587358,
case_088,4,success,b2a_w16,243623,112669,2.1622895383823413,2964660,6,6,0,,executed,9.05728561989963,9.05728561989963,
case_088,5,success,b2a_w16,243623,107912,2.257608051004522,3010236,6,6,0,,executed,9.189320288598537,9.189320288598537,
case_089,2,success,b0,693092,348428,1.989197194255341,1671040,5,5,0,,executed,13.684916384518147,13.684916384518147,
case_089,3,success,b2a_w8,693092,239513,2.8937552450180157,2832000,6,6,0,,executed,16.073772413656116,16.073772413656116,
case_089,4,success,b0,693092,193916,3.5741867612780793,3711872,6,6,0,,executed,15.370584269985557,15.370584269985557,
case_089,5,success,b2a_w4,693092,168448,4.114575417933131,3029120,5,5,0,,executed,14.231902847066522,14.231902847066522,
case_090,2,success,b2a_w16,1178363,533220,2.20990022879862,7339008,6,6,0,,executed,3.9958731904625893,3.9958731904625893,
case_090,3,success,b2a_w16,1178363,432618,2.723795588717991,11635968,6,6,0,,executed,4.332610392943025,4.332610392943025,
case_090,4,success,b2a_w16,1178363,400988,2.938649036878909,15932928,6,6,0,,executed,4.303379261866212,4.303379261866212,
case_090,5,success,b2a_w16,1178363,472199,2.495479660058577,20229888,6,6,0,,executed,4.4851982817053795,4.4851982817053795,
case_091,2,success,b1,9186769,5650577,1.6258107800318444,38405256,6,6,0,,executed,1922.9459709506482,1922.9459709506482,930308096
case_091,3,success,b2a_w4,9186769,4742807,1.9369898458866237,145184784,6,6,0,,executed,1839.1563396044075,1839.1563396044075,949071872
case_091,4,success,b2a_w4,9186769,4138533,2.219812914382947,145184784,6,6,0,,executed,1548.7150994688272,1548.7150994688272,983719936
case_091,5,success,b1,9186769,3077910,2.9847425688210505,48851592,6,6,0,,executed,1281.3246763255447,1281.3246763255447,982769664
case_092,2,success,b2a_w4,4815554,2091382,2.3025702621520123,9549600,6,6,0,,executed,253.56457837857306,253.56457837857306,388980736
case_092,3,success,b2a_w8,4815554,1425631,3.377840408913667,15557600,6,6,0,,executed,246.50358170829713,246.50358170829713,389816320
case_092,4,success,b2a_w8,4815554,1116964,4.311288456924306,17418400,6,6,0,,executed,232.99054292961955,232.99054292961955,452927488
case_092,5,success,b2a_w8,4815554,897210,5.367254043089132,19279200,6,6,0,,executed,235.55971091985703,235.55971091985703,420061184
case_093,2,success,b0,74205,47547,1.560666288093886,114688,4,0,4,,adopted_locked_development_manifest,0.0894732,1.0955501000047003,
case_093,3,success,b1,74205,33714,2.2010144153764015,200704,4,0,4,,adopted_locked_development_manifest,0.08827890000000002,1.1333576999943713,
case_093,4,success,b1,74205,26594,2.790291043092427,286720,4,0,4,,adopted_locked_development_manifest,0.0928388,1.209584000000878,
case_093,5,success,b1,74205,23720,3.128372681281619,286720,4,0,4,,adopted_locked_development_manifest,0.09718480000000002,1.2021546000133503,
case_094,2,success,b1,94892,55265,1.7170360987967068,418824,6,6,0,,executed,1.534673685207963,1.534673685207963,
case_094,3,success,b2a_w4,94892,50213,1.889789496743871,1612308,6,6,0,,executed,1.6529824044555426,1.6529824044555426,
case_094,4,success,b1,94892,34140,2.7794961921499706,759080,6,6,0,,executed,1.7801877614110708,1.7801877614110708,
case_094,5,success,b1,94892,29604,3.2053776516686936,831012,6,6,0,,executed,1.9065768271684647,1.9065768271684647,
case_095,2,success,b0,2084853,1043006,1.9988887887509756,221184,5,5,0,,executed,21.827010422945023,21.827010422945023,255250432
case_095,3,success,b0,2084853,697770,2.987879960445419,221184,5,5,0,,executed,20.89490782096982,20.89490782096982,255983616
case_095,4,success,b1,2084853,527479,3.9524853122114814,221184,5,5,0,,executed,21.570909339934587,21.570909339934587,225964032
case_095,5,success,b1,2084853,424998,4.90555955557438,294912,5,5,0,,executed,22.71056534908712,22.71056534908712,235626496
case_096,2,success,b2a_w4,84194,48294,1.7433635648320702,1193744,6,6,0,,executed,2.6253682505339384,2.6253682505339384,
case_096,3,success,b2a_w4,84194,42878,1.9635710620831195,1267472,6,6,0,,executed,2.748381808400154,2.748381808400154,
case_096,4,success,b2a_w4,84194,41415,2.0329349269588315,1341200,6,6,0,,executed,2.911169234663248,2.911169234663248,
case_096,5,success,b2a_w4,84194,41212,2.0429486557313403,1414928,6,6,0,,executed,3.0209373477846384,3.0209373477846384,
case_097,2,success,b0,11491509,5156692,2.2284652641654765,11927552,6,6,0,,executed,63.15432591922581,63.15432591922581,254550016
case_097,3,success,b2a_w4,11491509,4316892,2.661986679305389,84934656,6,6,0,,executed,61.38839109428227,61.38839109428227,261545984
case_097,4,success,b0,11491509,2583836,4.447460674748707,14483456,6,6,0,,executed,55.73248174786568,55.73248174786568,289873920
case_097,5,success,b2a_w8,11491509,2917550,3.9387530633579546,91226112,6,6,0,,executed,58.21824206598103,58.21824206598103,284209152
case_098,2,success,b2a_w4,177430,94609,1.8754029743470495,2386102,6,6,0,,executed,3.0993061158806086,3.0993061158806086,
case_098,3,success,b2a_w4,177430,94026,1.8870312466764512,2386102,6,6,0,,executed,3.1717723086476326,3.1717723086476326,
case_098,4,success,b2a_w4,177430,95784,1.8523970600517832,2386102,6,6,0,,executed,3.297963647171855,3.297963647171855,
case_098,5,success,b2a_w4,177430,96893,1.8311952359819594,2386102,6,6,0,,executed,3.496280202642083,3.496280202642083,
case_099,2,success,b1,1622999,1599503,1.01468956294549,10176000,6,6,0,,executed,76.01789188943803,76.01789188943803,289091584
case_099,3,success,b2a_w4,1622999,789639,2.0553683392031044,16063104,6,6,0,,executed,51.6584546007216,51.6584546007216,263725056
case_099,4,success,b2a_w4,1622999,658914,2.4631423827692234,16128640,6,6,0,,executed,54.296992003917694,54.296992003917694,312102912
case_099,5,success,b2a_w4,1622999,551115,2.9449370820972027,16194176,6,6,0,,executed,53.592522986233234,53.592522986233234,301498368
case_100,2,success,b2a_w4,151223,88870,1.7016203443231688,2442608,6,6,0,,executed,3.7446921300143003,3.7446921300143003,
case_100,3,success,b2a_w4,151223,82961,1.822820361374622,2516336,6,6,0,,executed,3.8722659554332495,3.8722659554332495,
case_100,4,success,b2a_w4,151223,76975,1.9645729132835337,2590064,6,0,6,,executed,0.3419569041579962,4.220885404152796,
case_100,5,success,b2a_w4,151223,75870,1.9931857124027943,2663792,6,6,0,,executed,4.131482794880867,4.131482794880867,
