case,split,cores,baseline_no_l2_makespan_cycles,baseline_l2_makespan_cycles,final_no_l2_makespan_cycles,final_l2_makespan_cycles,hardware_baseline_ratio,hardware_final_ratio,schedule_no_l2_ratio,schedule_l2_ratio,l2_strict_improvement
case_001,development,1,233110,233110,233110,233110,1.0,1.0,1.0,1.0,False
case_001,development,2,116868,116868,116868,116868,1.0,1.0,1.0,1.0,False
case_001,development,3,97000,97000,95836,95836,1.0,1.0,1.0121457489878543,1.0121457489878543,True
case_001,development,4,58984,58984,58984,58984,1.0,1.0,1.0,1.0,False
case_001,development,5,47502,47502,47502,47502,1.0,1.0,1.0,1.0,False
case_002,holdout,1,261945,261945,261945,261945,1.0,1.0,1.0,1.0,False
case_002,holdout,2,131496,131397,131496,131397,1.0007534418594033,1.0007534418594033,1.0,1.0,False
case_002,holdout,3,104557,98390,104557,98390,1.0626791340583392,1.0626791340583392,1.0,1.0,False
case_002,holdout,4,82998,82998,82626,82626,1.0,1.0,1.0045022147992158,1.0045022147992158,True
case_002,holdout,5,66241,66241,66241,66241,1.0,1.0,1.0,1.0,False
case_003,holdout,1,602212,602212,602212,602212,1.0,1.0,1.0,1.0,False
case_003,holdout,2,388594,388179,377408,377408,1.0010690944126293,1.0,1.0296390113617093,1.0285394056299813,True
case_003,holdout,3,299116,298682,299112,298678,1.0014530504014303,1.0014530698611883,1.000013372917168,1.0000133923489511,True
case_003,holdout,4,286318,283719,285820,282812,1.0091604721573106,1.0106360409034978,1.0017423553285285,1.0032070774931756,True
case_003,holdout,5,252968,250029,251552,248604,1.0117546364621703,1.0118582162797058,1.00562905482763,1.0057320075300478,True
case_004,holdout,1,392357,392357,392357,392357,1.0,1.0,1.0,1.0,False
case_004,holdout,2,216172,213361,207430,206499,1.0131748538861367,1.0045084964091835,1.0421443378489128,1.0332301851340684,True
case_004,holdout,3,143994,143994,131643,131643,1.0,1.0,1.0938219274857,1.0938219274857,True
case_004,holdout,4,113976,112070,107889,107889,1.0170072276255913,1.0,1.0564190974056669,1.0387527922216353,True
case_004,holdout,5,98907,95927,92857,87834,1.0310652892303522,1.0571874217273494,1.0651539463906867,1.0921397181046064,True
case_005,holdout,1,95618,95618,95618,95618,1.0,1.0,1.0,1.0,False
case_005,holdout,2,55096,55056,53426,53397,1.0007265329845976,1.0005431016723787,1.0312581888967918,1.0310691611888307,True
case_005,holdout,3,44970,44861,43745,43655,1.0024297273801297,1.0020616195166647,1.028003200365756,1.0276257015233077,True
case_005,holdout,4,43062,39285,42138,38972,1.096143566246659,1.081237811762291,1.0219279510180834,1.0080314071641179,True
case_005,holdout,5,43062,39285,42138,38972,1.096143566246659,1.081237811762291,1.0219279510180834,1.0080314071641179,True
case_006,holdout,1,82837,82837,82837,82837,1.0,1.0,1.0,1.0,False
case_006,holdout,2,45613,45613,45613,45613,1.0,1.0,1.0,1.0,False
case_006,holdout,3,44201,42640,44201,42640,1.036608818011257,1.036608818011257,1.0,1.0,False
case_006,holdout,4,44201,42640,44201,42640,1.036608818011257,1.036608818011257,1.0,1.0,False
case_006,holdout,5,36131,36101,36075,36075,1.0008310019113045,1.0,1.0015523215523217,1.0007207207207207,True
case_007,holdout,1,1012562,1012562,1012562,1012562,1.0,1.0,1.0,1.0,False
case_007,holdout,2,618914,618914,557898,557898,1.0,1.0,1.1093676621891457,1.1093676621891457,True
case_007,holdout,3,425650,425650,424478,424478,1.0,1.0,1.002761038263467,1.002761038263467,True
case_007,holdout,4,326138,326138,326138,326138,1.0,1.0,1.0,1.0,False
case_007,holdout,5,203834,203834,203834,203834,1.0,1.0,1.0,1.0,False
case_008,holdout,1,487605,487605,487605,487605,1.0,1.0,1.0,1.0,False
case_008,holdout,2,242226,242226,242226,242226,1.0,1.0,1.0,1.0,False
case_008,holdout,3,163359,163359,163359,163359,1.0,1.0,1.0,1.0,False
case_008,holdout,4,123060,123060,123060,123060,1.0,1.0,1.0,1.0,False
case_008,holdout,5,111071,111071,111071,111071,1.0,1.0,1.0,1.0,False
case_009,holdout,1,153261,153261,153261,153261,1.0,1.0,1.0,1.0,False
case_009,holdout,2,102725,102725,102019,102019,1.0,1.0,1.006920279555769,1.006920279555769,True
case_009,holdout,3,90370,87292,90370,87292,1.035260963203959,1.035260963203959,1.0,1.0,False
case_009,holdout,4,88702,85821,88702,85821,1.0335698721758078,1.0335698721758078,1.0,1.0,False
case_009,holdout,5,84007,81351,84007,81351,1.03264864599083,1.03264864599083,1.0,1.0,False
case_010,validation,1,86969,86969,86969,86969,1.0,1.0,1.0,1.0,False
case_010,validation,2,53794,53794,47037,46462,1.0,1.0123757048771038,1.143652869018007,1.1578063794068272,True
case_010,validation,3,41359,40646,40137,38633,1.0175417015204449,1.0389304480625372,1.030445723397364,1.0521057127326379,True
case_010,validation,4,38905,38905,38905,38905,1.0,1.0,1.0,1.0,False
case_010,validation,5,37143,37143,34757,34394,1.0,1.0105541664243765,1.0686480421210116,1.0799267314066407,True
case_011,holdout,1,184697,184697,184697,184697,1.0,1.0,1.0,1.0,False
case_011,holdout,2,92646,92646,92646,92646,1.0,1.0,1.0,1.0,False
case_011,holdout,3,79286,79286,79286,79286,1.0,1.0,1.0,1.0,False
case_011,holdout,4,46880,46880,46880,46880,1.0,1.0,1.0,1.0,False
case_011,holdout,5,46880,46880,46880,46880,1.0,1.0,1.0,1.0,False
case_012,holdout,1,59088,59088,59088,59088,1.0,1.0,1.0,1.0,False
case_012,holdout,2,34562,33084,34562,33084,1.0446741627372749,1.0446741627372749,1.0,1.0,False
case_012,holdout,3,26134,24277,26134,24277,1.0764921530666887,1.0764921530666887,1.0,1.0,False
case_012,holdout,4,24454,24447,23486,23486,1.0002863337014767,1.0,1.0412160436004427,1.0409179936983735,True
case_012,holdout,5,24454,24447,23486,23486,1.0002863337014767,1.0,1.0412160436004427,1.0409179936983735,True
case_013,holdout,1,263949,263949,263949,263949,1.0,1.0,1.0,1.0,False
case_013,holdout,2,165065,165065,165065,165065,1.0,1.0,1.0,1.0,False
case_013,holdout,3,89317,89238,89317,89238,1.0008852730899394,1.0008852730899394,1.0,1.0,False
case_013,holdout,4,83671,83671,83671,83671,1.0,1.0,1.0,1.0,False
case_013,holdout,5,67008,66721,67008,66721,1.00430149428216,1.00430149428216,1.0,1.0,False
case_014,holdout,1,17698626,17689602,17698626,17689602,1.0005101301883446,1.0005101301883446,1.0,1.0,False
case_014,holdout,2,11605741,11585088,11605741,11585088,1.0017827227553213,1.0017827227553213,1.0,1.0,False
case_014,holdout,3,8569571,8549906,8534371,8522520,1.0023000252868277,1.0013905511515373,1.0041244984545434,1.0032133688157963,True
case_014,holdout,4,7306925,7298409,7282181,7278749,1.001166829647393,1.0004715095959484,1.0033978831341874,1.0027010135945065,True
case_014,holdout,5,6514638,6507002,6330583,6322404,1.001173505094973,1.0012936534900332,1.0290739415311354,1.0291974381896507,True
case_015,holdout,1,177362,177362,177362,177362,1.0,1.0,1.0,1.0,False
case_015,holdout,2,104445,101503,104445,101503,1.0289843649941381,1.0289843649941381,1.0,1.0,False
case_015,holdout,3,84097,79841,80828,77499,1.0533059455668141,1.0429553929728126,1.0404439055772752,1.0302197447709003,True
case_015,holdout,4,67292,64234,67292,64234,1.0476071862253635,1.0476071862253635,1.0,1.0,False
case_015,holdout,5,64801,57770,64801,57770,1.1217067682187987,1.1217067682187987,1.0,1.0,False
case_016,development,1,7715523,7715523,7715523,7715523,1.0,1.0,1.0,1.0,False
case_016,development,2,7715523,7715523,7715523,7715523,1.0,1.0,1.0,1.0,False
case_016,development,3,7715523,7715523,7715523,7715523,1.0,1.0,1.0,1.0,False
case_016,development,4,7715523,7715523,7715523,7715523,1.0,1.0,1.0,1.0,False
case_016,development,5,7715523,7715523,7715523,7715523,1.0,1.0,1.0,1.0,False
case_017,validation,1,162810,162810,162810,162810,1.0,1.0,1.0,1.0,False
case_017,validation,2,87619,86701,85466,84713,1.0105881131705516,1.0088888364241615,1.0251913041443381,1.023467472524878,True
case_017,validation,3,64187,63392,64428,63386,1.0125410146390712,1.0164389612848264,0.9962593903271869,1.0000946581264,True
case_017,validation,4,61400,59221,60971,58506,1.0367943803718276,1.0421324308617919,1.007036131931574,1.0122209687895258,True
case_017,validation,5,60625,60625,60625,60440,1.0,1.003060886829914,1.0,1.003060886829914,True
case_018,validation,1,1004367,1003110,1004367,1003110,1.0012531028501361,1.0012531028501361,1.0,1.0,False
case_018,validation,2,582918,582773,582918,582773,1.0002488104287603,1.0002488104287603,1.0,1.0,False
case_018,validation,3,419178,419178,419178,419178,1.0,1.0,1.0,1.0,False
case_018,validation,4,349320,349052,345303,345022,1.000767793910363,1.0008144408182666,1.011633261222752,1.0116804145822584,True
case_018,validation,5,286518,286107,278869,278869,1.001436525495706,1.0,1.027428649294113,1.0259548390104314,True
case_019,validation,1,81144,81144,81144,81144,1.0,1.0,1.0,1.0,False
case_019,validation,2,41969,41969,41969,41969,1.0,1.0,1.0,1.0,False
case_019,validation,3,34294,34175,32272,32189,1.003482077542063,1.0025785206126316,1.0626549330689141,1.0616980956227282,True
case_019,validation,4,25339,25339,24873,24873,1.0,1.0,1.018735174687412,1.018735174687412,True
case_019,validation,5,22886,22886,21640,21640,1.0,1.0,1.0575785582255084,1.0575785582255084,True
case_020,holdout,1,532746,532746,532746,532746,1.0,1.0,1.0,1.0,False
case_020,holdout,2,266580,266580,266580,266580,1.0,1.0,1.0,1.0,False
case_020,holdout,3,177950,177950,177950,177950,1.0,1.0,1.0,1.0,False
case_020,holdout,4,133704,133704,133704,133704,1.0,1.0,1.0,1.0,False
case_020,holdout,5,133566,133566,133490,133490,1.0,1.0,1.0005693310360326,1.0005693310360326,True
case_021,holdout,1,6567937,6558837,6567937,6558837,1.0013874410966457,1.0013874410966457,1.0,1.0,False
case_021,holdout,2,3215396,3213736,3215396,3213736,1.0005165327830288,1.0005165327830288,1.0,1.0,False
case_021,holdout,3,2784961,2784961,2780463,2780463,1.0,1.0,1.0016177161861173,1.0016177161861173,True
case_021,holdout,4,1588859,1584951,1582851,1580505,1.0024656913683767,1.0014843357028291,1.0037956826005732,1.002813024950886,True
case_021,holdout,5,1271102,1271102,1253945,1253945,1.0,1.0,1.0136824182878834,1.0136824182878834,True
case_022,holdout,1,56780,56780,56780,56780,1.0,1.0,1.0,1.0,False
case_022,holdout,2,29058,28922,28864,28854,1.004702302745315,1.0003465723989742,1.0067211751662972,1.0023566923130243,True
case_022,holdout,3,22450,20431,22450,20431,1.098820419950076,1.098820419950076,1.0,1.0,False
case_022,holdout,4,21896,19294,21896,19294,1.1348605784181611,1.1348605784181611,1.0,1.0,False
case_022,holdout,5,21407,18420,20553,17488,1.1621606948968513,1.1752630375114363,1.0415511117598404,1.0532936870997256,True
case_023,holdout,1,122614,122614,122614,122614,1.0,1.0,1.0,1.0,False
case_023,holdout,2,57858,57858,57858,57858,1.0,1.0,1.0,1.0,False
case_023,holdout,3,38688,38615,38688,38615,1.0018904570762657,1.0018904570762657,1.0,1.0,False
case_023,holdout,4,32530,30295,32530,30295,1.0737745502558178,1.0737745502558178,1.0,1.0,False
case_023,holdout,5,32530,30295,32530,30295,1.0737745502558178,1.0737745502558178,1.0,1.0,False
case_024,development,1,2555343,2555343,2555343,2555343,1.0,1.0,1.0,1.0,False
case_024,development,2,2555343,2555343,2555343,2555343,1.0,1.0,1.0,1.0,False
case_024,development,3,2555343,2555343,2555343,2555343,1.0,1.0,1.0,1.0,False
case_024,development,4,2555343,2555343,2555343,2555343,1.0,1.0,1.0,1.0,False
case_024,development,5,2555343,2555343,2555343,2555343,1.0,1.0,1.0,1.0,False
case_025,holdout,1,4863026,4863026,4863026,4863026,1.0,1.0,1.0,1.0,False
case_025,holdout,2,2972392,2972392,2841286,2841286,1.0,1.0,1.0461431900906843,1.0461431900906843,True
case_025,holdout,3,2049989,2049989,2046946,2046946,1.0,1.0,1.0014866049226505,1.0014866049226505,True
case_025,holdout,4,1560638,1560638,1560638,1560638,1.0,1.0,1.0,1.0,False
case_025,holdout,5,975534,975534,975534,975534,1.0,1.0,1.0,1.0,False
case_026,validation,1,99203,99203,99203,99203,1.0,1.0,1.0,1.0,False
case_026,validation,2,64737,64737,63867,63633,1.0,1.0036773372306822,1.0136220583399878,1.0173494884729621,True
case_026,validation,3,54100,52720,53226,52354,1.0261760242792108,1.0166558429155366,1.0164205463495284,1.006990869847576,True
case_026,validation,4,54100,52720,53226,52354,1.0261760242792108,1.0166558429155366,1.0164205463495284,1.006990869847576,True
case_026,validation,5,54100,52720,53226,52354,1.0261760242792108,1.0166558429155366,1.0164205463495284,1.006990869847576,True
case_027,validation,1,2363952,2359515,2363952,2359515,1.0018804711985303,1.0018804711985303,1.0,1.0,False
case_027,validation,2,1120962,1120962,1120962,1120962,1.0,1.0,1.0,1.0,False
case_027,validation,3,744579,744579,744579,744579,1.0,1.0,1.0,1.0,False
case_027,validation,4,559196,559196,559196,559196,1.0,1.0,1.0,1.0,False
case_027,validation,5,559196,559196,559196,559196,1.0,1.0,1.0,1.0,False
case_028,holdout,1,43836040,43836040,43836040,43836040,1.0,1.0,1.0,1.0,False
case_028,holdout,2,20313124,20306800,20313124,20306800,1.000311422774637,1.000311422774637,1.0,1.0,False
case_028,holdout,3,13692563,13692576,13658985,13658998,0.9999990505804021,0.999999048246438,1.0024583085785657,1.0024583062388617,True
case_028,holdout,4,10209084,10204835,10209084,10204835,1.00041637125931,1.00041637125931,1.0,1.0,False
case_028,holdout,5,8157094,8154941,8157094,8154941,1.0002640117200112,1.0002640117200112,1.0,1.0,False
case_029,holdout,1,37555,37555,37555,37555,1.0,1.0,1.0,1.0,False
case_029,holdout,2,20818,20656,20818,20656,1.007842757552285,1.007842757552285,1.0,1.0,False
case_029,holdout,3,12743,12743,12743,12743,1.0,1.0,1.0,1.0,False
case_029,holdout,4,12683,12006,12683,12006,1.0563884724304515,1.0563884724304515,1.0,1.0,False
case_029,holdout,5,12683,12006,12683,12006,1.0563884724304515,1.0563884724304515,1.0,1.0,False
case_030,holdout,1,2808034,2807891,2808034,2807891,1.0000509279028282,1.0000509279028282,1.0,1.0,False
case_030,holdout,2,2079367,2079367,2079367,2079367,1.0,1.0,1.0,1.0,False
case_030,holdout,3,1580290,1580290,1580290,1580290,1.0,1.0,1.0,1.0,False
case_030,holdout,4,1344466,1344466,1344466,1344466,1.0,1.0,1.0,1.0,False
case_030,holdout,5,1344466,1344466,1344466,1344466,1.0,1.0,1.0,1.0,False
case_031,validation,1,1414369,1414159,1414369,1414159,1.0001484981533193,1.0001484981533193,1.0,1.0,False
case_031,validation,2,857984,857784,857984,857784,1.0002331589304534,1.0002331589304534,1.0,1.0,False
case_031,validation,3,657311,657311,655996,655951,1.0,1.0000686026852617,1.0020045853938133,1.0020733255990157,True
case_031,validation,4,533935,533883,531562,531061,1.000097399617519,1.0009433944499784,1.0044642017299958,1.005313890494689,True
case_031,validation,5,449197,449159,446078,446054,1.0000846025572236,1.0000538051446686,1.0069920507175876,1.006961040591498,True
case_032,validation,1,41443,41443,41443,41443,1.0,1.0,1.0,1.0,False
case_032,validation,2,20967,20867,20819,20735,1.004792255714765,1.0040511212925005,1.0071088909169508,1.006366047745358,True
case_032,validation,3,19275,17020,17664,16825,1.1324911868390128,1.0498662704309063,1.0912024456521738,1.0115898959881129,True
case_032,validation,4,17051,17051,17051,17051,1.0,1.0,1.0,1.0,False
case_032,validation,5,17051,17051,17051,17051,1.0,1.0,1.0,1.0,False
case_033,holdout,1,1774196,1774080,1774196,1774080,1.000065386002886,1.000065386002886,1.0,1.0,False
case_033,holdout,2,1096366,1095391,1096366,1095391,1.0008900931265639,1.0008900931265639,1.0,1.0,False
case_033,holdout,3,747400,747062,747400,747062,1.0004524390211254,1.0004524390211254,1.0,1.0,False
case_033,holdout,4,561362,553918,560261,552539,1.0134388122429674,1.0139754840834765,1.0019651555257283,1.0024957514311208,True
case_033,holdout,5,561362,553918,560261,552539,1.0134388122429674,1.0139754840834765,1.0019651555257283,1.0024957514311208,True
case_034,holdout,1,842996,842733,842996,842733,1.0003120798639664,1.0003120798639664,1.0,1.0,False
case_034,holdout,2,547325,547274,547325,547274,1.0000931891520517,1.0000931891520517,1.0,1.0,False
case_034,holdout,3,390295,389230,388131,386889,1.0027361714153584,1.0032102230872422,1.0055754371591035,1.0060508311169354,True
case_034,holdout,4,338094,338076,338094,338076,1.000053242466191,1.000053242466191,1.0,1.0,False
case_034,holdout,5,292576,290391,281526,279271,1.0075243378754852,1.0080745942113574,1.0392503711912933,1.039817954603235,True
case_035,holdout,1,169571,169571,169571,169571,1.0,1.0,1.0,1.0,False
case_035,holdout,2,105261,105261,105261,105261,1.0,1.0,1.0,1.0,False
case_035,holdout,3,98946,98946,98946,98946,1.0,1.0,1.0,1.0,False
case_035,holdout,4,95602,93256,95602,93256,1.0251565582911555,1.0251565582911555,1.0,1.0,False
case_035,holdout,5,95602,93256,95602,93256,1.0251565582911555,1.0251565582911555,1.0,1.0,False
case_036,holdout,1,931510,931510,931510,931510,1.0,1.0,1.0,1.0,False
case_036,holdout,2,466068,466068,466068,466068,1.0,1.0,1.0,1.0,False
case_036,holdout,3,388000,388000,386836,386836,1.0,1.0,1.0030090270812437,1.0030090270812437,True
case_036,holdout,4,233584,233584,233584,233584,1.0,1.0,1.0,1.0,False
case_036,holdout,5,187182,187182,187182,187182,1.0,1.0,1.0,1.0,False
case_037,holdout,1,210001,210001,210001,210001,1.0,1.0,1.0,1.0,False
case_037,holdout,2,125692,125692,120651,120651,1.0,1.0,1.0417816677855964,1.0417816677855964,True
case_037,holdout,3,87130,87034,82197,82197,1.0011030172116644,1.0,1.0600143557550763,1.0588464299183669,True
case_037,holdout,4,68753,67669,68753,67237,1.016019152048944,1.0225471094784122,1.0,1.006425033835537,True
case_037,holdout,5,43800,43013,43800,43013,1.0182967939925138,1.0182967939925138,1.0,1.0,False
case_038,holdout,1,1364555,1363312,1364555,1363312,1.0009117502083162,1.0009117502083162,1.0,1.0,False
case_038,holdout,2,933300,933300,931959,931959,1.0,1.0,1.0014389045011636,1.0014389045011636,True
case_038,holdout,3,699260,699275,698261,697347,0.9999785492116835,1.0013106817696211,1.0014306971175535,1.002764764170492,True
case_038,holdout,4,693950,690381,690879,687539,1.0051696092447504,1.0048579062424094,1.004445062015201,1.0041335836948886,True
case_038,holdout,5,693950,690381,690879,687539,1.0051696092447504,1.0048579062424094,1.004445062015201,1.0041335836948886,True
case_039,holdout,1,1435262,1435262,1435262,1435262,1.0,1.0,1.0,1.0,False
case_039,holdout,2,865589,865287,865589,865287,1.000349017146912,1.000349017146912,1.0,1.0,False
case_039,holdout,3,693126,688780,693126,688780,1.006309707018206,1.006309707018206,1.0,1.0,False
case_039,holdout,4,558169,536614,558169,536614,1.0401685382789119,1.0401685382789119,1.0,1.0,False
case_039,holdout,5,533010,504978,533010,504978,1.0555113292064209,1.0555113292064209,1.0,1.0,False
case_040,holdout,1,253454,253454,253454,253454,1.0,1.0,1.0,1.0,False
case_040,holdout,2,145181,145181,145181,145181,1.0,1.0,1.0,1.0,False
case_040,holdout,3,127386,127290,120954,120858,1.0007541833608296,1.0007943206076553,1.05317724093457,1.0532194807129027,True
case_040,holdout,4,123991,123583,123991,123583,1.0033014249532703,1.0033014249532703,1.0,1.0,False
case_040,holdout,5,121977,121292,121943,121291,1.0056475282788642,1.0053755018921438,1.0002788187923866,1.000008244634804,True
case_041,holdout,1,6003957,6001575,6003957,6001575,1.0003968958148486,1.0003968958148486,1.0,1.0,False
case_041,holdout,2,3714990,3711448,3714990,3711448,1.0009543445038163,1.0009543445038163,1.0,1.0,False
case_041,holdout,3,3304486,3303843,3293350,3293350,1.0001946218388706,1.0,1.0033813594060759,1.0031861174791625,True
case_041,holdout,4,2174064,2174005,2174064,2174005,1.0000271388520265,1.0000271388520265,1.0,1.0,False
case_041,holdout,5,2112003,2092348,1776988,1775966,1.0093937528556436,1.0005754614671678,1.188529691815589,1.1781464284789236,True
case_042,validation,1,1686740,1675633,1686740,1675633,1.0066285397816825,1.0066285397816825,1.0,1.0,False
case_042,validation,2,987912,987913,971504,971504,0.999998987765117,1.0,1.0168892768326223,1.0168903061644625,True
case_042,validation,3,718407,718021,714209,713764,1.000537588733477,1.0006234553718036,1.0058778312790795,1.0059641562197028,True
case_042,validation,4,570782,570008,569622,568796,1.0013578756789379,1.0014521902404376,1.0020364381993674,1.0021308166724099,True
case_042,validation,5,486817,485853,486817,485853,1.00198413923553,1.00198413923553,1.0,1.0,False
case_043,holdout,1,677656,677656,677656,677656,1.0,1.0,1.0,1.0,False
case_043,holdout,2,340810,340755,340810,340755,1.0001614062889759,1.0001614062889759,1.0,1.0,False
case_043,holdout,3,264491,264463,263836,263524,1.0001058749239025,1.0011839528847468,1.0024826028290301,1.0035632428165935,True
case_043,holdout,4,249011,244783,247467,243939,1.017272441305156,1.0144626320514556,1.006239215733815,1.0034598813637836,True
case_043,holdout,5,222619,222762,222607,222721,0.9993580592740234,0.9994881488499063,1.000053906660617,1.000184086817139,True
case_044,development,1,154407,107814,154407,107814,1.4321609438477378,1.4321609438477378,1.0,1.0,False
case_044,development,2,58111,55027,58111,55027,1.0560452141675905,1.0560452141675905,1.0,1.0,False
case_044,development,3,58111,55027,58111,55027,1.0560452141675905,1.0560452141675905,1.0,1.0,False
case_044,development,4,58111,55027,58111,55027,1.0560452141675905,1.0560452141675905,1.0,1.0,False
case_044,development,5,58111,55027,58111,55027,1.0560452141675905,1.0560452141675905,1.0,1.0,False
case_045,holdout,1,125614,125614,125614,125614,1.0,1.0,1.0,1.0,False
case_045,holdout,2,78563,78563,66813,66813,1.0,1.0,1.1758639785670453,1.1758639785670453,True
case_045,holdout,3,45671,45671,43176,43176,1.0,1.0,1.057786733370391,1.057786733370391,True
case_045,holdout,4,39561,39561,39561,39561,1.0,1.0,1.0,1.0,False
case_045,holdout,5,29147,29147,27098,27098,1.0,1.0,1.075614436489778,1.075614436489778,True
case_046,validation,1,276455,244994,276455,244994,1.1284153897646474,1.1284153897646474,1.0,1.0,False
case_046,validation,2,112634,112634,112634,112634,1.0,1.0,1.0,1.0,False
case_046,validation,3,93107,84855,80749,79812,1.0972482470096045,1.0117400892096426,1.1530421429367546,1.0631859870696136,True
case_046,validation,4,80768,80768,80768,80768,1.0,1.0,1.0,1.0,False
case_046,validation,5,80768,80768,80768,80768,1.0,1.0,1.0,1.0,False
case_047,development,1,326508,326508,326508,326508,1.0,1.0,1.0,1.0,False
case_047,development,2,250591,250591,250172,250172,1.0,1.0,1.0016748477047792,1.0016748477047792,True
case_047,development,3,230393,230391,230393,230391,1.0000086808946531,1.0000086808946531,1.0,1.0,False
case_047,development,4,209241,209240,209241,209240,1.0000047792009177,1.0000047792009177,1.0,1.0,False
case_047,development,5,201442,201403,201442,201403,1.0001936416041468,1.0001936416041468,1.0,1.0,False
case_048,development,1,222220,222220,222220,222220,1.0,1.0,1.0,1.0,False
case_048,development,2,164258,164258,164258,164258,1.0,1.0,1.0,1.0,False
case_048,development,3,151763,151760,151763,151760,1.0000197680548235,1.0000197680548235,1.0,1.0,False
case_048,development,4,151763,151760,151763,151760,1.0000197680548235,1.0000197680548235,1.0,1.0,False
case_048,development,5,151763,151760,151763,151760,1.0000197680548235,1.0000197680548235,1.0,1.0,False
case_049,holdout,1,196276,196276,196276,196276,1.0,1.0,1.0,1.0,False
case_049,holdout,2,120499,120478,120187,120187,1.0001743056823653,1.0,1.0025959546373568,1.0024212269213808,True
case_049,holdout,3,97824,97823,97465,97465,1.0000102225448002,1.0,1.003683373518699,1.0036731134253323,True
case_049,holdout,4,86219,85900,85760,85545,1.0037136204889405,1.002513297095096,1.0053521455223882,1.0041498626453913,True
case_049,holdout,5,84557,83290,84539,83283,1.0152119101933006,1.01508110898983,1.0002129194809497,1.000084050766663,True
case_050,development,1,149690,149690,149690,149690,1.0,1.0,1.0,1.0,False
case_050,development,2,81891,81855,81210,81210,1.00043980208906,1.0,1.0083856667898041,1.0079423716291098,True
case_050,development,3,53248,53236,53488,53031,1.0002254113757607,1.008617601025815,0.9955130122644331,1.0038656634798515,True
case_050,development,4,46748,44398,46048,43595,1.0529303121762241,1.0562679206331,1.0152015288394718,1.0184195435256336,True
case_050,development,5,42140,39979,42790,39562,1.0540533780234622,1.0815934482584297,0.9848095349380697,1.010540417572418,True
case_051,development,1,607628,607628,607628,607628,1.0,1.0,1.0,1.0,False
case_051,development,2,607628,607628,607628,607628,1.0,1.0,1.0,1.0,False
case_051,development,3,607628,607628,607628,607628,1.0,1.0,1.0,1.0,False
case_051,development,4,607628,607628,607628,607628,1.0,1.0,1.0,1.0,False
case_051,development,5,607628,607628,607628,607628,1.0,1.0,1.0,1.0,False
case_052,holdout,1,180301,180301,180301,180301,1.0,1.0,1.0,1.0,False
case_052,holdout,2,96545,96545,96545,96545,1.0,1.0,1.0,1.0,False
case_052,holdout,3,69389,69389,69389,69389,1.0,1.0,1.0,1.0,False
case_052,holdout,4,62274,61006,58628,58545,1.0207848408353277,1.0014177128704416,1.0621887152896228,1.0420360406524896,True
case_052,holdout,5,57870,55471,57870,55471,1.0432478231868905,1.0432478231868905,1.0,1.0,False
case_053,holdout,1,1472686,1428109,1472686,1428109,1.0312140039730862,1.0312140039730862,1.0,1.0,False
case_053,holdout,2,759149,759149,740832,740832,1.0,1.0,1.0247249038918405,1.0247249038918405,True
case_053,holdout,3,584699,584699,541298,541298,1.0,1.0,1.080179494474393,1.080179494474393,True
case_053,holdout,4,492668,492668,492668,492668,1.0,1.0,1.0,1.0,False
case_053,holdout,5,465992,465737,465992,465737,1.0005475193081073,1.0005475193081073,1.0,1.0,False
case_054,holdout,1,815051,815051,815051,815051,1.0,1.0,1.0,1.0,False
case_054,holdout,2,485507,485507,485507,485507,1.0,1.0,1.0,1.0,False
case_054,holdout,3,386727,386718,386727,386718,1.0000232727724079,1.0000232727724079,1.0,1.0,False
case_054,holdout,4,331197,331197,331197,331197,1.0,1.0,1.0,1.0,False
case_054,holdout,5,272849,271436,272849,271436,1.0052056470033452,1.0052056470033452,1.0,1.0,False
case_055,holdout,1,118835,118835,118835,118835,1.0,1.0,1.0,1.0,False
case_055,holdout,2,64648,64097,63100,62412,1.0085963461628469,1.0110235211177339,1.0245324881141047,1.0269980132025893,True
case_055,holdout,3,52332,51873,44544,44402,1.00884853391938,1.0031980541417054,1.1748383620689655,1.1682581865681727,True
case_055,holdout,4,42061,40884,40274,38545,1.0287887682222874,1.0448566610455312,1.0443710582509809,1.0606823193669737,True
case_055,holdout,5,40899,34895,38486,33956,1.1720590342455939,1.1334079396866532,1.0626981239931403,1.0276534338555778,True
case_056,holdout,1,277285,277285,277285,277285,1.0,1.0,1.0,1.0,False
case_056,holdout,2,188576,188576,186986,186986,1.0,1.0,1.008503310408266,1.008503310408266,True
case_056,holdout,3,150152,150152,149107,149107,1.0,1.0,1.0070083899481581,1.0070083899481581,True
case_056,holdout,4,135157,135060,134889,134333,1.0007181993188212,1.0041389680867694,1.0019868187917473,1.0054119240990673,True
case_056,holdout,5,135157,135060,134889,134333,1.0007181993188212,1.0041389680867694,1.0019868187917473,1.0054119240990673,True
case_057,holdout,1,59726,59726,59726,59726,1.0,1.0,1.0,1.0,False
case_057,holdout,2,31115,31115,31151,30104,1.0,1.03477943130481,0.998844338865526,1.033583576933298,True
case_057,holdout,3,21456,21456,21456,21456,1.0,1.0,1.0,1.0,False
case_057,holdout,4,17084,16621,16936,16619,1.0278563263341556,1.0190745532222156,1.0087387812942843,1.0001203441843673,True
case_057,holdout,5,17084,16621,16936,16619,1.0278563263341556,1.0190745532222156,1.0087387812942843,1.0001203441843673,True
case_058,development,1,4539717,4539717,4539717,4539717,1.0,1.0,1.0,1.0,False
case_058,development,2,3633043,3629895,3625929,3621089,1.0008672427163872,1.0013366144825493,1.0019619799505175,1.002431865110192,True
case_058,development,3,1506765,1506765,1506765,1506765,1.0,1.0,1.0,1.0,False
case_058,development,4,1506765,1506765,1506765,1506765,1.0,1.0,1.0,1.0,False
case_058,development,5,915736,915736,915736,915736,1.0,1.0,1.0,1.0,False
case_059,validation,1,829473,815938,829473,815938,1.0165882701871956,1.0165882701871956,1.0,1.0,False
case_059,validation,2,421538,410916,421538,410916,1.0258495653612905,1.0258495653612905,1.0,1.0,False
case_059,validation,3,351835,351835,351835,351835,1.0,1.0,1.0,1.0,False
case_059,validation,4,185216,185216,185216,185216,1.0,1.0,1.0,1.0,False
case_059,validation,5,185216,185216,185216,185216,1.0,1.0,1.0,1.0,False
case_060,validation,1,888789,887801,888789,887801,1.001112862003985,1.001112862003985,1.0,1.0,False
case_060,validation,2,525020,524719,525020,524719,1.000573640367511,1.000573640367511,1.0,1.0,False
case_060,validation,3,427646,427594,423771,423570,1.000121610686773,1.0004745378567887,1.009144089614438,1.0095002006752132,True
case_060,validation,4,348983,348914,348983,348914,1.0001977564672098,1.0001977564672098,1.0,1.0,False
case_060,validation,5,306965,306436,276763,274503,1.0017262984766804,1.0082330612051598,1.1091258585865886,1.1163302404709603,True
case_061,holdout,1,77191,77191,77191,77191,1.0,1.0,1.0,1.0,False
case_061,holdout,2,47435,47337,46314,46314,1.0020702621627902,1.0,1.0242043442587554,1.0220883534136547,True
case_061,holdout,3,37105,36521,33560,33172,1.0159907998138058,1.0116966116001447,1.105631704410012,1.1009586398167128,True
case_061,holdout,4,33361,31205,33561,30975,1.0690914917481174,1.0834866828087166,0.9940407020053038,1.0074253430185633,True
case_061,holdout,5,32921,30639,32921,30639,1.074480237605666,1.074480237605666,1.0,1.0,False
case_062,validation,1,2854809,2854809,2854809,2854809,1.0,1.0,1.0,1.0,False
case_062,validation,2,1784824,1784824,1784824,1784824,1.0,1.0,1.0,1.0,False
case_062,validation,3,1189955,1189955,1189955,1189955,1.0,1.0,1.0,1.0,False
case_062,validation,4,892782,892782,892170,892170,1.0,1.0,1.000685967920912,1.000685967920912,True
case_062,validation,5,715381,715381,715381,715381,1.0,1.0,1.0,1.0,False
case_063,holdout,1,1070397,1070397,1070397,1070397,1.0,1.0,1.0,1.0,False
case_063,holdout,2,663139,663139,637833,637833,1.0,1.0,1.0396749619414487,1.0396749619414487,True
case_063,holdout,3,446447,446447,446447,446447,1.0,1.0,1.0,1.0,False
case_063,holdout,4,335694,335694,335694,335694,1.0,1.0,1.0,1.0,False
case_063,holdout,5,266761,266761,266761,266761,1.0,1.0,1.0,1.0,False
case_064,development,1,19116,19116,19116,19116,1.0,1.0,1.0,1.0,False
case_064,development,2,14237,14233,13973,13970,1.0002810370266282,1.0002147458840371,1.0188935804766335,1.01882605583393,True
case_064,development,3,12510,12510,11582,11582,1.0,1.0,1.0801243308582282,1.0801243308582282,True
case_064,development,4,11821,11821,11821,11821,1.0,1.0,1.0,1.0,False
case_064,development,5,11821,11821,11821,11821,1.0,1.0,1.0,1.0,False
case_065,validation,1,53068,53068,53068,53068,1.0,1.0,1.0,1.0,False
case_065,validation,2,29524,29065,29679,29025,1.0157921899191467,1.022532299741602,0.9947774520704875,1.0013781223083549,True
case_065,validation,3,20797,20606,20797,20606,1.0092691449092497,1.0092691449092497,1.0,1.0,False
case_065,validation,4,19058,17844,19058,17844,1.0680340730777853,1.0680340730777853,1.0,1.0,False
case_065,validation,5,19058,17844,19058,17844,1.0680340730777853,1.0680340730777853,1.0,1.0,False
case_066,holdout,1,359070,359070,359070,359070,1.0,1.0,1.0,1.0,False
case_066,holdout,2,185656,185656,185656,185656,1.0,1.0,1.0,1.0,False
case_066,holdout,3,132398,132382,131565,131549,1.0001208623528879,1.0001216276824605,1.0063314711359403,1.0063322412181013,True
case_066,holdout,4,102860,102232,99281,98861,1.0061428906800218,1.0042483891524463,1.0360491937027225,1.0340983805545159,True
case_066,holdout,5,94032,91786,94034,91786,1.0244699627394156,1.0244917525548558,0.9999787310972627,1.0,False
case_067,development,1,63834834,63834834,63834834,63834834,1.0,1.0,1.0,1.0,False
case_067,development,2,31892152,32130317,31927211,32116988,0.9925875303377804,0.9940910710556046,0.9989019084692364,1.0004150140106538,True
case_067,development,3,21738388,21555677,21738388,21555677,1.0084762357498676,1.0084762357498676,1.0,1.0,False
case_067,development,4,16654103,16060080,16654103,16060080,1.0369875492525567,1.0369875492525567,1.0,1.0,False
case_067,development,5,13549289,12878522,13549289,12878522,1.052084159968046,1.052084159968046,1.0,1.0,False
case_068,holdout,1,362095,362095,362095,362095,1.0,1.0,1.0,1.0,False
case_068,holdout,2,204037,203899,204037,203899,1.0006768056733972,1.0006768056733972,1.0,1.0,False
case_068,holdout,3,165324,164663,165163,164614,1.0040142594268293,1.0033350747810028,1.0009747945968528,1.000297666055135,True
case_068,holdout,4,137870,136482,137870,136354,1.010169839246201,1.0111181190137437,1.0,1.0009387330037989,True
case_068,holdout,5,137870,136482,137870,136354,1.010169839246201,1.0111181190137437,1.0,1.0009387330037989,True
case_069,holdout,1,25144,25144,25144,25144,1.0,1.0,1.0,1.0,False
case_069,holdout,2,16328,16323,16293,16288,1.0003063162408872,1.000306974459725,1.0021481617872705,1.0021488212180747,True
case_069,holdout,3,13774,13740,13774,13740,1.0024745269286754,1.0024745269286754,1.0,1.0,False
case_069,holdout,4,13774,13740,13774,13740,1.0024745269286754,1.0024745269286754,1.0,1.0,False
case_069,holdout,5,13774,13740,13774,13740,1.0024745269286754,1.0024745269286754,1.0,1.0,False
case_070,holdout,1,117300,117300,117300,117300,1.0,1.0,1.0,1.0,False
case_070,holdout,2,68604,68584,66039,65978,1.0002916132042459,1.0009245506077784,1.0388406850497434,1.0394980144896784,True
case_070,holdout,3,46238,45534,46443,45112,1.0154609742170686,1.0295043447419756,0.9955859871240015,1.0093544954779217,True
case_070,holdout,4,43948,42676,41860,39492,1.0298059799418877,1.05996151119214,1.0498805542283802,1.080623923832675,True
case_070,holdout,5,40250,37974,40073,37765,1.059935745510086,1.0611147888256323,1.0044169390861677,1.0055342248113333,True
case_071,holdout,1,18919,18919,18919,18919,1.0,1.0,1.0,1.0,False
case_071,holdout,2,13128,13123,12636,12631,1.000381010439686,1.000395851476526,1.0389363722697056,1.038951785290159,True
case_071,holdout,3,10300,10300,10300,10300,1.0,1.0,1.0,1.0,False
case_071,holdout,4,10300,10300,10300,10300,1.0,1.0,1.0,1.0,False
case_071,holdout,5,10300,10300,10300,10300,1.0,1.0,1.0,1.0,False
case_072,holdout,1,23897828,23890756,23897828,23890756,1.000296014073393,1.000296014073393,1.0,1.0,False
case_072,holdout,2,14399738,14391144,14313837,14311602,1.000597172816838,1.0001561670035262,1.0060012559874756,1.0055578683644222,True
case_072,holdout,3,10386946,10386798,10386946,10386798,1.0000142488570587,1.0000142488570587,1.0,1.0,False
case_072,holdout,4,7596894,7583813,7596894,7583813,1.0017248579309643,1.0017248579309643,1.0,1.0,False
case_072,holdout,5,7185795,7185795,7105253,7100083,1.0,1.0007281605017857,1.0113355569463889,1.0120719715530087,True
case_073,holdout,1,10081626,10081626,10081626,10081626,1.0,1.0,1.0,1.0,False
case_073,holdout,2,5343686,5135220,5343686,5135220,1.0405953396349135,1.0405953396349135,1.0,1.0,False
case_073,holdout,3,4326521,4326521,4247382,4269593,1.0,0.9947978648081913,1.0186324187464184,1.0133333551933403,True
case_073,holdout,4,3456740,2699606,3456740,2699606,1.2804609265203886,1.2804609265203886,1.0,1.0,False
case_073,holdout,5,3186716,2798206,3186716,2798206,1.1388425298208924,1.1388425298208924,1.0,1.0,False
case_074,holdout,1,1682239,1678120,1682239,1678120,1.002454532452983,1.002454532452983,1.0,1.0,False
case_074,holdout,2,925398,924834,925398,924834,1.0006098391711378,1.0006098391711378,1.0,1.0,False
case_074,holdout,3,666888,666888,661625,661625,1.0,1.0,1.0079546570942755,1.0079546570942755,True
case_074,holdout,4,527458,527458,526124,526124,1.0,1.0,1.0025355239449256,1.0025355239449256,True
case_074,holdout,5,431365,431365,431365,431365,1.0,1.0,1.0,1.0,False
case_075,holdout,1,1441809,1441809,1441809,1441809,1.0,1.0,1.0,1.0,False
case_075,holdout,2,992854,992854,992854,992854,1.0,1.0,1.0,1.0,False
case_075,holdout,3,933924,933924,933924,933924,1.0,1.0,1.0,1.0,False
case_075,holdout,4,800301,800301,798947,798947,1.0,1.0,1.0016947306892698,1.0016947306892698,True
case_075,holdout,5,751559,751559,751559,751559,1.0,1.0,1.0,1.0,False
case_076,holdout,1,6185113,6183098,6185113,6183098,1.0003258884138664,1.0003258884138664,1.0,1.0,False
case_076,holdout,2,4590971,4589392,4590971,4589392,1.0003440542886726,1.0003440542886726,1.0,1.0,False
case_076,holdout,3,3605984,3601264,3605984,3601264,1.0013106509270078,1.0013106509270078,1.0,1.0,False
case_076,holdout,4,3094752,3092516,3091571,3091221,1.0007230358711159,1.0001132238684973,1.0010289267171932,1.00041892831344,True
case_076,holdout,5,2219114,2191253,2218140,2187949,1.012714643174476,1.013798767704366,1.0004391066388956,1.0015100900432323,True
case_077,holdout,1,495320,495320,495320,495320,1.0,1.0,1.0,1.0,False
case_077,holdout,2,295128,294734,295128,294734,1.0013367986048436,1.0013367986048436,1.0,1.0,False
case_077,holdout,3,218216,218216,216777,216777,1.0,1.0,1.0066381581071793,1.0066381581071793,True
case_077,holdout,4,160028,159524,157022,157044,1.0031593992126577,0.9998599118718321,1.0191438142425902,1.0157917526298361,True
case_077,holdout,5,140814,139967,135443,133298,1.0060514264076532,1.0160917643175442,1.0396550578472126,1.05003075815091,True
case_078,holdout,1,2296143,2296143,2296143,2296143,1.0,1.0,1.0,1.0,False
case_078,holdout,2,1069122,1067021,1069122,1067021,1.0019690334117135,1.0019690334117135,1.0,1.0,False
case_078,holdout,3,717204,711922,717204,711922,1.0074193521200356,1.0074193521200356,1.0,1.0,False
case_078,holdout,4,545355,538711,545355,538711,1.01233314337372,1.01233314337372,1.0,1.0,False
case_078,holdout,5,474566,433085,474566,433085,1.0957802740801459,1.0957802740801459,1.0,1.0,False
case_079,holdout,1,31052251,31052251,31052251,31052251,1.0,1.0,1.0,1.0,False
case_079,holdout,2,15449228,15438610,15449228,15438610,1.0006877562163952,1.0006877562163952,1.0,1.0,False
case_079,holdout,3,10278153,10278153,10278153,10278153,1.0,1.0,1.0,1.0,False
case_079,holdout,4,7688095,7687887,7688095,7687887,1.000027055548553,1.000027055548553,1.0,1.0,False
case_079,holdout,5,7688095,7687887,7688095,7687887,1.000027055548553,1.000027055548553,1.0,1.0,False
case_080,holdout,1,292138,291826,292138,291826,1.0010691302351402,1.0010691302351402,1.0,1.0,False
case_080,holdout,2,190690,190690,187580,187580,1.0,1.0,1.0165795927071117,1.0165795927071117,True
case_080,holdout,3,108282,108144,101509,101509,1.0012760763426543,1.0,1.0667231477011891,1.0653636623353595,True
case_080,holdout,4,108282,108144,101509,101509,1.0012760763426543,1.0,1.0667231477011891,1.0653636623353595,True
case_080,holdout,5,101701,75193,101701,75193,1.3525328155546394,1.3525328155546394,1.0,1.0,False
case_081,holdout,1,151795,151795,151795,151795,1.0,1.0,1.0,1.0,False
case_081,holdout,2,83829,83829,83829,83829,1.0,1.0,1.0,1.0,False
case_081,holdout,3,63616,63387,63616,63387,1.003612728161926,1.003612728161926,1.0,1.0,False
case_081,holdout,4,51008,49373,49887,48576,1.033115265428473,1.0269886363636365,1.0224707839717762,1.016407279314888,True
case_081,holdout,5,46855,43036,45217,42657,1.088739659819686,1.060013596830532,1.0362253134882897,1.00888482546827,True
case_082,validation,1,721041,721041,721041,721041,1.0,1.0,1.0,1.0,False
case_082,validation,2,428639,428638,427139,427139,1.000002332970945,1.0,1.0035117373969598,1.0035093962386952,True
case_082,validation,3,337625,337625,331007,331007,1.0,1.0,1.019993534879927,1.019993534879927,True
case_082,validation,4,267431,267131,267431,267131,1.0011230444987664,1.0011230444987664,1.0,1.0,False
case_082,validation,5,233808,233487,231933,230968,1.001374808875869,1.004178067957466,1.0080842312219478,1.0109062727304214,True
case_083,holdout,1,1057993,946145,1057993,946145,1.1182144385902795,1.1182144385902795,1.0,1.0,False
case_083,holdout,2,438433,438429,438433,438429,1.000009123484076,1.000009123484076,1.0,1.0,False
case_083,holdout,3,298400,294975,292544,292405,1.0116111534875838,1.0004753680682614,1.0200175016407789,1.0087891793915973,True
case_083,holdout,4,226115,220025,221959,220025,1.027678672878082,1.008789910237473,1.0187241787897765,1.0,False
case_083,holdout,5,201312,181015,201312,181015,1.1121288291025606,1.1121288291025606,1.0,1.0,False
case_084,holdout,1,2507412,2507412,2507412,2507412,1.0,1.0,1.0,1.0,False
case_084,holdout,2,1276489,1276489,1275814,1275814,1.0,1.0,1.000529073987274,1.000529073987274,True
case_084,holdout,3,836220,836220,836220,836220,1.0,1.0,1.0,1.0,False
case_084,holdout,4,625992,625992,625992,625992,1.0,1.0,1.0,1.0,False
case_084,holdout,5,501224,501224,501224,501224,1.0,1.0,1.0,1.0,False
case_085,validation,1,3187899,3187899,3187899,3187899,1.0,1.0,1.0,1.0,False
case_085,validation,2,2388498,2388498,2387337,2387337,1.0,1.0,1.0004863159243962,1.0004863159243962,True
case_085,validation,3,2147544,2147360,2147544,2147360,1.0000856866105357,1.0000856866105357,1.0,1.0,False
case_085,validation,4,2023093,2023040,2021932,2021879,1.000026198196773,1.0000262132402582,1.0005742032867575,1.000574218338486,True
case_085,validation,5,1871755,1870896,1871450,1870479,1.000459138295234,1.000519118364868,1.000162975233108,1.0002229375470133,True
case_086,holdout,1,118403,118403,118403,118403,1.0,1.0,1.0,1.0,False
case_086,holdout,2,72293,72139,71337,71279,1.002134767601436,1.0008137038959581,1.0134011803131615,1.0120652646642068,True
case_086,holdout,3,59591,59513,59591,59513,1.001310638011863,1.001310638011863,1.0,1.0,False
case_086,holdout,4,50307,47180,49539,47046,1.0662780839338704,1.0529906899630148,1.0155029370798765,1.0028482761552524,True
case_086,holdout,5,50307,47180,49539,47046,1.0662780839338704,1.0529906899630148,1.0155029370798765,1.0028482761552524,True
case_087,holdout,1,3974071,3969779,3974071,3969779,1.0010811684982968,1.0010811684982968,1.0,1.0,False
case_087,holdout,2,2287771,2287771,2209662,2209662,1.0,1.0,1.0353488452080002,1.0353488452080002,True
case_087,holdout,3,1577719,1577719,1577719,1577719,1.0,1.0,1.0,1.0,False
case_087,holdout,4,1349330,1346575,1349330,1346575,1.0020459313443366,1.0020459313443366,1.0,1.0,False
case_087,holdout,5,1166481,1166481,1164477,1164477,1.0,1.0,1.0017209442522266,1.0017209442522266,True
case_088,holdout,1,243623,243623,243623,243623,1.0,1.0,1.0,1.0,False
case_088,holdout,2,135090,135073,135030,134506,1.0001258578694483,1.0038957369931454,1.0004443457009553,1.0042154253341857,True
case_088,holdout,3,103380,100296,103380,100296,1.0307489830102896,1.0307489830102896,1.0,1.0,False
case_088,holdout,4,89258,82429,88206,80351,1.0828470562544736,1.0977585842117707,1.0119266263066005,1.025861532526042,True
case_088,holdout,5,81894,76993,81894,76993,1.0636551374800307,1.0636551374800307,1.0,1.0,False
case_089,validation,1,693092,693092,693092,693092,1.0,1.0,1.0,1.0,False
case_089,validation,2,339435,339435,339435,339435,1.0,1.0,1.0,1.0,False
case_089,validation,3,226846,226846,226846,226846,1.0,1.0,1.0,1.0,False
case_089,validation,4,170137,170137,170137,170137,1.0,1.0,1.0,1.0,False
case_089,validation,5,137328,137328,137328,137328,1.0,1.0,1.0,1.0,False
case_090,holdout,1,1178363,1178363,1178363,1178363,1.0,1.0,1.0,1.0,False
case_090,holdout,2,457842,457807,457842,457807,1.0000764514304064,1.0000764514304064,1.0,1.0,False
case_090,holdout,3,338995,324546,337258,314383,1.0445206534666889,1.072761567896483,1.0051503596653006,1.0323268115642386,True
case_090,holdout,4,331069,295220,275406,269062,1.1214314748323284,1.023578208739993,1.2021125175195893,1.0972192282819573,True
case_090,holdout,5,331069,295220,275406,269062,1.1214314748323284,1.023578208739993,1.2021125175195893,1.0972192282819573,True
case_091,holdout,1,9186769,9168820,9186769,9168820,1.001957612866214,1.001957612866214,1.0,1.0,False
case_091,holdout,2,5702896,5690664,5702896,5690664,1.002149485543339,1.002149485543339,1.0,1.0,False
case_091,holdout,3,4650425,4645072,4630910,4629475,1.001152404096212,1.0003099703530098,1.004214074555541,1.0033690645267552,True
case_091,holdout,4,4022789,4002793,4007813,3976008,1.0049955118838272,1.0079992293778082,1.0037367012882088,1.00673665646548,True
case_091,holdout,5,3126021,3122835,3125985,3122568,1.001020226813136,1.0010942916215115,1.0000115163700403,1.0000855065446133,True
case_092,validation,1,4815554,4333631,4815554,4333631,1.111205361047122,1.111205361047122,1.0,1.0,False
case_092,validation,2,2015242,2015242,2015242,2015242,1.0,1.0,1.0,1.0,False
case_092,validation,3,1334168,1331907,1334168,1330599,1.0016975659711977,1.0026822506254702,1.0,1.0009830159198978,True
case_092,validation,4,1018974,1018974,1018974,1018974,1.0,1.0,1.0,1.0,False
case_092,validation,5,832577,827744,832577,827744,1.005838761742761,1.005838761742761,1.0,1.0,False
case_093,holdout,1,74205,74205,74205,74205,1.0,1.0,1.0,1.0,False
case_093,holdout,2,45680,45680,45680,45680,1.0,1.0,1.0,1.0,False
case_093,holdout,3,31740,31740,26765,26765,1.0,1.0,1.185877078273865,1.185877078273865,True
case_093,holdout,4,23631,23577,23631,23577,1.0022903677312636,1.0022903677312636,1.0,1.0,False
case_093,holdout,5,20201,19912,19597,19312,1.0145138609883488,1.0147576636288318,1.0308210440373526,1.0310687655343829,True
case_094,holdout,1,94892,94892,94892,94892,1.0,1.0,1.0,1.0,False
case_094,holdout,2,52048,51407,51326,50397,1.012469118991577,1.0184336369228326,1.0140669446284534,1.0200408754489354,True
case_094,holdout,3,38581,36685,37953,36228,1.0516832492844488,1.0476151043391853,1.016546781545596,1.0126145522800045,True
case_094,holdout,4,30467,30467,30467,30467,1.0,1.0,1.0,1.0,False
case_094,holdout,5,26086,26086,25225,25225,1.0,1.0,1.0341328047571854,1.0341328047571854,True
case_095,holdout,1,2084853,2084853,2084853,2084853,1.0,1.0,1.0,1.0,False
case_095,holdout,2,1040351,1040351,1040351,1040351,1.0,1.0,1.0,1.0,False
case_095,holdout,3,693735,693735,693735,693735,1.0,1.0,1.0,1.0,False
case_095,holdout,4,522106,522106,522106,522106,1.0,1.0,1.0,1.0,False
case_095,holdout,5,418656,418656,418656,418656,1.0,1.0,1.0,1.0,False
case_096,holdout,1,84194,84194,84194,84194,1.0,1.0,1.0,1.0,False
case_096,holdout,2,45052,44882,45052,44882,1.0037877099950983,1.0037877099950983,1.0,1.0,False
case_096,holdout,3,36103,36103,35036,35025,1.0,1.0003140613847252,1.0304543897705218,1.0307780157030693,True
case_096,holdout,4,35471,34929,34554,33012,1.0155171920180939,1.0467102871683025,1.0265381721363662,1.0580697928026173,True
case_096,holdout,5,35471,34929,34554,33012,1.0155171920180939,1.0467102871683025,1.0265381721363662,1.0580697928026173,True
case_097,holdout,1,11491509,11491509,11491509,11491509,1.0,1.0,1.0,1.0,False
case_097,holdout,2,5834394,5834394,5834394,5834394,1.0,1.0,1.0,1.0,False
case_097,holdout,3,4253566,4253566,4243972,4243972,1.0,1.0,1.0022606181190639,1.0022606181190639,True
case_097,holdout,4,2869852,2869852,2869852,2869852,1.0,1.0,1.0,1.0,False
case_097,holdout,5,2809291,2809291,2786482,2786482,1.0,1.0,1.0081855902891173,1.0081855902891173,True
case_098,holdout,1,177430,177430,177430,177430,1.0,1.0,1.0,1.0,False
case_098,holdout,2,94244,94554,94248,94248,0.9967214501766186,1.0,0.9999575587810882,1.0032467532467533,True
case_098,holdout,3,87943,87943,87943,87943,1.0,1.0,1.0,1.0,False
case_098,holdout,4,87943,87943,87943,87943,1.0,1.0,1.0,1.0,False
case_098,holdout,5,87943,87943,87943,87943,1.0,1.0,1.0,1.0,False
case_099,holdout,1,1622999,1618902,1622999,1618902,1.002530727616619,1.002530727616619,1.0,1.0,False
case_099,holdout,2,1559711,1555599,1559339,1555453,1.0026433547463067,1.0024983075669918,1.0002385626217263,1.0000938633311325,True
case_099,holdout,3,752124,751508,750951,750093,1.0008196852195852,1.001143858161588,1.001562019359452,1.0018864327490058,True
case_099,holdout,4,614461,613641,614370,613140,1.0013362861999118,1.002006067129856,1.00014811921155,1.000817105391917,True
case_099,holdout,5,504179,503340,503318,502483,1.001666865339532,1.0016617477606207,1.00171064813895,1.0017055303363498,True
case_100,development,1,151223,151223,151223,151223,1.0,1.0,1.0,1.0,False
case_100,development,2,80853,80850,78892,78892,1.0000371057513915,1.0,1.0248567662120367,1.024818739542666,True
case_100,development,3,70054,69368,70054,69368,1.0098892861261677,1.0098892861261677,1.0,1.0,False
case_100,development,4,67632,65227,67632,65227,1.0368712343048123,1.0368712343048123,1.0,1.0,False
case_100,development,5,67632,65227,67632,65227,1.0368712343048123,1.0368712343048123,1.0,1.0,False
