case,cores,makespan_cycles,added_copy_bytes,speedup_t1_over_tk,selected_plan,reported_value_kind,officially_measured
case_001,1,233110,0,1.0,single_core_baseline,officially_measured_original,True
case_001,2,118572,8064,1.965978477212158,b0,officially_measured_original,True
case_001,3,99499,147840,2.342837616458457,b1,officially_measured_after_fallback,True
case_001,4,61884,115584,3.766886432680499,b0,officially_measured_after_fallback,True
case_001,5,50628,21888,4.604369123805009,b0,officially_measured_after_fallback,True
case_002,1,261945,0,1.0,single_core_baseline,officially_measured_original,True
case_002,2,153541,4584960,1.7060264033710866,b2a_w4,officially_measured_original,True
case_002,3,112113,205824,2.3364373444649598,b1,officially_measured_after_fallback,True
case_002,4,85390,281088,3.067630870125307,b1,officially_measured_after_fallback,True
case_002,5,69680,264192,3.759256601607348,b1,officially_measured_after_fallback,True
case_003,1,602212,0,1.0,single_core_baseline,officially_measured_original,True
case_003,2,407386,4211938,1.4782344017712932,b2a_w16,officially_measured_original,True
case_003,3,330665,5083146,1.8212148246714956,b2a_w16,officially_measured_after_fallback,True
case_003,4,309465,5901106,1.9459777357697965,b2a_w16,officially_measured_after_fallback,True
case_003,5,293180,6110028,2.054069172522,b2a_w16,officially_measured_after_fallback,True
case_004,1,392357,0,1.0,single_core_baseline,officially_measured_original,True
case_004,2,249175,2165760,1.574624260058192,b1,officially_measured_original,True
case_004,3,173560,2439168,2.260641852961512,b1,officially_measured_after_fallback,True
case_004,4,139406,2715648,2.814491485301924,b1,officially_measured_after_fallback,True
case_004,5,116154,3072000,3.3779034729755324,b1,officially_measured_after_fallback,True
case_005,1,95618,0,1.0,single_core_baseline,officially_measured_original,True
case_005,2,72314,2360386,1.3222612495505712,b2a_w16,officially_measured_original,True
case_005,3,65628,2496356,1.456969586152252,b2a_w16,officially_measured_after_fallback,True
case_005,4,62536,1758192,1.5290072917999231,b2a_w8,officially_measured_after_fallback,True
case_005,5,61582,1802168,1.5526939690169206,b2a_w8,officially_measured_after_fallback,True
case_006,1,82837,16400,1.0,single_core_baseline,officially_measured_original,True
case_006,2,54493,2033768,1.52014020149377,b2a_w4,officially_measured_original,True
case_006,3,53096,2066536,1.5601363567877051,b2a_w4,officially_measured_after_fallback,True
case_006,4,53096,2066536,1.5601363567877051,inherit_k3,officially_measured_after_fallback,True
case_006,5,41337,849150,2.0039431985872223,b1,officially_measured_after_fallback,True
case_007,1,1012562,0,1.0,single_core_baseline,officially_measured_original,True
case_007,2,620166,4403712,1.6327273665437962,b1,officially_measured_original,True
case_007,3,429420,4486656,2.357975874435285,b1,officially_measured_after_fallback,True
case_007,4,328001,4580352,3.08706985649434,b1,officially_measured_after_fallback,True
case_007,5,208922,671232,4.846603038454543,b0,officially_measured_after_fallback,True
case_008,1,487605,0,1.0,single_core_baseline,officially_measured_original,True
case_008,2,244924,147456,1.9908420571279253,b0,officially_measured_original,True
case_008,3,166440,0,2.929614275414564,b0,officially_measured_after_fallback,True
case_008,4,126466,442368,3.855621273702023,b0,officially_measured_after_fallback,True
case_008,5,122980,667008,3.9649129939827614,b1,officially_measured_after_fallback,True
case_009,1,153261,0,1.0,single_core_baseline,officially_measured_original,True
case_009,2,103393,456306,1.4823150503418994,b2a_w4,officially_measured_original,True
case_009,3,100723,505458,1.5216087686030002,b2a_w4,officially_measured_after_fallback,True
case_009,4,98845,554610,1.5505184885426675,b2a_w4,officially_measured_after_fallback,True
case_009,5,96659,2157712,1.585584373933105,b2a_w16,officially_measured_after_fallback,True
case_010,1,86969,0,1.0,single_core_baseline,officially_measured_original,True
case_010,2,66374,582646,1.3102871606351885,b1,officially_measured_original,True
case_010,3,47147,592314,1.8446348654209173,b1,officially_measured_after_fallback,True
case_010,4,44496,680338,1.9545352391226176,b1,officially_measured_after_fallback,True
case_010,5,40860,713736,2.12846304454234,b1,officially_measured_after_fallback,True
case_011,1,184697,0,1.0,single_core_baseline,officially_measured_original,True
case_011,2,94212,1261568,1.9604402836156756,b0,officially_measured_original,True
case_011,3,94212,1261568,1.9604402836156756,inherit_k2,officially_measured_after_fallback,True
case_011,4,49484,1622016,3.7324589766389136,b0,officially_measured_after_fallback,True
case_011,5,49484,1622016,3.7324589766389136,inherit_k4,officially_measured_after_fallback,True
case_012,1,59088,0,1.0,single_core_baseline,officially_measured_original,True
case_012,2,40550,1124538,1.4571639950678177,b2a_w4,officially_measured_original,True
case_012,3,32790,1129212,1.8020128087831653,b2a_w4,officially_measured_after_fallback,True
case_012,4,23464,317640,2.5182407091714967,b1,officially_measured_after_fallback,True
case_012,5,23464,317640,2.5182407091714967,inherit_k4,officially_measured_after_fallback,True
case_013,1,263949,0,1.0,single_core_baseline,officially_measured_original,True
case_013,2,166316,131072,1.587033117679598,b1,officially_measured_original,True
case_013,3,112530,167936,2.3455878432418023,b1,officially_measured_after_fallback,True
case_013,4,86044,290816,3.067604946306541,b1,officially_measured_after_fallback,True
case_013,5,70094,360448,3.765643279025309,b1,officially_measured_after_fallback,True
case_014,1,17698626,71010720,1.0,single_core_baseline,officially_measured_original,True
case_014,2,11873679,265001472,1.4905764253859313,b2a_w4,officially_measured_original,True
case_014,3,8687186,262318608,2.0373255505292507,b2a_w4,officially_measured_after_fallback,True
case_014,4,8237041,266032656,2.1486630939435654,b2a_w4,officially_measured_after_fallback,True
case_014,5,6890740,262318608,2.5684652156372176,b2a_w4,officially_measured_after_fallback,True
case_015,1,177362,180256,1.0,single_core_baseline,officially_measured_original,True
case_015,2,113380,3050540,1.5643146939495505,b2a_w4,officially_measured_original,True
case_015,3,97318,3214384,1.8224994348424752,b2a_w4,officially_measured_after_fallback,True
case_015,4,85038,3345456,2.085679343352384,b2a_w4,officially_measured_after_fallback,True
case_015,5,78844,3443760,2.2495307188879305,b2a_w4,officially_measured_after_fallback,True
case_016,1,7715523,0,1.0,single_core_baseline,officially_measured_original,True
case_016,2,7715523,0,1.0,single,officially_measured_original,True
case_016,3,7715523,0,1.0,single,officially_measured_after_fallback,True
case_016,4,7715523,0,1.0,single,officially_measured_after_fallback,True
case_016,5,7715523,0,1.0,single,officially_measured_after_fallback,True
case_017,1,162810,22528,1.0,single_core_baseline,officially_measured_original,True
case_017,2,95785,2032660,1.6997442188234066,b2a_w4,officially_measured_original,True
case_017,3,79783,2091028,2.0406602910394445,b2a_w4,officially_measured_after_fallback,True
case_017,4,79737,2149396,2.0418375409157608,b2a_w4,officially_measured_after_fallback,True
case_017,5,62170,936404,2.618787196396976,b1,officially_measured_after_fallback,True
case_018,1,1004367,1970176,1.0,single_core_baseline,officially_measured_original,True
case_018,2,613121,9836456,1.6381220020191771,b2a_w4,officially_measured_original,True
case_018,3,467483,9836456,2.148456735325135,b2a_w4,officially_measured_after_fallback,True
case_018,4,393004,9836456,2.555615210023308,b2a_w4,officially_measured_after_fallback,True
case_018,5,323742,9836456,3.102368552736438,b2a_w4,officially_measured_after_fallback,True
case_019,1,81144,0,1.0,single_core_baseline,officially_measured_original,True
case_019,2,46216,1040000,1.7557555824822573,b2a_w4,officially_measured_original,True
case_019,3,39913,1042592,2.033021822463859,b2a_w4,officially_measured_after_fallback,True
case_019,4,27047,266552,3.0001109180315746,b1,officially_measured_after_fallback,True
case_019,5,24792,378136,3.272991287512101,b1,officially_measured_after_fallback,True
case_020,1,532746,0,1.0,single_core_baseline,officially_measured_original,True
case_020,2,267708,0,1.9900264467255369,b0,officially_measured_original,True
case_020,3,179492,0,2.96807657165779,b0,officially_measured_after_fallback,True
case_020,4,135660,0,3.927067669172932,b0,officially_measured_after_fallback,True
case_020,5,135660,0,3.927067669172932,inherit_k4,officially_measured_after_fallback,True
case_021,1,6567937,4501504,1.0,single_core_baseline,officially_measured_original,True
case_021,2,3102580,6656000,2.1169275248341703,b0,officially_measured_original,True
case_021,3,2822635,72744960,2.3268814423402246,b2a_w4,officially_measured_after_fallback,True
case_021,4,1557596,9523200,4.216714090174859,b0,officially_measured_after_fallback,True
case_021,5,1249504,8908800,5.256435353548288,b0,officially_measured_after_fallback,True
case_022,1,56780,0,1.0,single_core_baseline,officially_measured_original,True
case_022,2,34100,1346040,1.6651026392961876,b2a_w4,officially_measured_original,True
case_022,3,29789,1346040,1.9060727114035385,b2a_w4,officially_measured_after_fallback,True
case_022,4,28322,1346040,2.0048019207683074,b2a_w4,officially_measured_after_fallback,True
case_022,5,28322,1346040,2.0048019207683074,inherit_k4,officially_measured_after_fallback,True
case_023,1,122614,0,1.0,single_core_baseline,officially_measured_original,True
case_023,2,72315,1782584,1.6955541727165873,b2a_w4,officially_measured_original,True
case_023,3,52621,1791800,2.330134357005758,b2a_w4,officially_measured_after_fallback,True
case_023,4,43979,1840952,2.788012460492508,b2a_w4,officially_measured_after_fallback,True
case_023,5,43602,1890104,2.8121187101509104,b2a_w4,officially_measured_after_fallback,True
case_024,1,2555343,0,1.0,single_core_baseline,officially_measured_original,True
case_024,2,2555343,0,1.0,single,officially_measured_original,True
case_024,3,2555343,0,1.0,single,officially_measured_after_fallback,True
case_024,4,2555343,0,1.0,single,officially_measured_after_fallback,True
case_024,5,2555343,0,1.0,single,officially_measured_after_fallback,True
case_025,1,4863026,0,1.0,single_core_baseline,officially_measured_original,True
case_025,2,2969082,20616192,1.637888748104633,b1,officially_measured_original,True
case_025,3,2051388,20699136,2.370602733368821,b1,officially_measured_after_fallback,True
case_025,4,1562605,20795904,3.112127505031662,b1,officially_measured_after_fallback,True
case_025,5,979918,694272,4.962686673782908,b0,officially_measured_after_fallback,True
case_026,1,99203,0,1.0,single_core_baseline,officially_measured_original,True
case_026,2,71676,2249880,1.3840476589095374,b2a_w4,officially_measured_original,True
case_026,3,66096,2323608,1.50089264100702,b2a_w4,officially_measured_after_fallback,True
case_026,4,65030,2324760,1.5254959249577118,b2a_w4,officially_measured_after_fallback,True
case_026,5,64735,1166722,1.5324476712751989,b1,officially_measured_after_fallback,True
case_027,1,2363952,1400832,1.0,single_core_baseline,officially_measured_original,True
case_027,2,1119508,3317760,2.1115990238569085,b0,officially_measured_original,True
case_027,3,750886,4620288,3.1482169064278733,b0,officially_measured_after_fallback,True
case_027,4,565244,5529600,4.182179731231114,b0,officially_measured_after_fallback,True
case_027,5,565244,5529600,4.182179731231114,inherit_k4,officially_measured_after_fallback,True
case_028,1,43836040,277412256,1.0,single_core_baseline,officially_measured_original,True
case_028,2,20389484,48190464,2.149933759971562,b2a_w16,officially_measured_original,True
case_028,3,13744872,52442112,3.189265058270459,b2a_w16,officially_measured_after_fallback,True
case_028,4,10285826,56736768,4.261790934437351,b2a_w16,officially_measured_after_fallback,True
case_028,5,8251690,61025280,5.312371162755751,b2a_w16,officially_measured_after_fallback,True
case_029,1,37555,0,1.0,single_core_baseline,officially_measured_original,True
case_029,2,25272,270490,1.4860319721430832,b1,officially_measured_original,True
case_029,3,13976,122958,2.6871064682312538,b0,officially_measured_after_fallback,True
case_029,4,13976,122958,2.6871064682312538,inherit_k3,officially_measured_after_fallback,True
case_029,5,13976,122958,2.6871064682312538,inherit_k3,officially_measured_after_fallback,True
case_030,1,2808034,5519360,1.0,single_core_baseline,officially_measured_original,True
case_030,2,2200787,66977792,1.2759226585762276,b2a_w4,officially_measured_original,True
case_030,3,1723596,66977792,1.6291718012805785,b2a_w4,officially_measured_after_fallback,True
case_030,4,1386306,19053060,2.0255513573482333,b1,officially_measured_after_fallback,True
case_030,5,1386306,19053060,2.0255513573482333,inherit_k4,officially_measured_after_fallback,True
case_031,1,1414369,3491328,1.0,single_core_baseline,officially_measured_original,True
case_031,2,866386,5059588,1.6324929073184469,b1,officially_measured_original,True
case_031,3,697002,17801292,2.029217993635599,b2a_w4,officially_measured_after_fallback,True
case_031,4,583325,17828940,2.424667209531565,b2a_w4,officially_measured_after_fallback,True
case_031,5,481753,17856588,2.935880004898776,b2a_w4,officially_measured_after_fallback,True
case_032,1,41443,0,1.0,single_core_baseline,officially_measured_original,True
case_032,2,27012,266406,1.5342440396860657,b0,officially_measured_original,True
case_032,3,25171,1045676,1.646458225735966,b2a_w4,officially_measured_after_fallback,True
case_032,4,21007,399580,1.97281858428143,b1,officially_measured_after_fallback,True
case_032,5,21007,399580,1.97281858428143,inherit_k4,officially_measured_after_fallback,True
case_033,1,1774196,4592640,1.0,single_core_baseline,officially_measured_original,True
case_033,2,1086331,6924292,1.6332001940476706,b1,officially_measured_original,True
case_033,3,724891,9530372,2.44753487075988,b1,officially_measured_after_fallback,True
case_033,4,538947,10082308,3.291967484743398,b1,officially_measured_after_fallback,True
case_033,5,538947,10082308,3.291967484743398,inherit_k4,officially_measured_after_fallback,True
case_034,1,842996,1079832,1.0,single_core_baseline,officially_measured_original,True
case_034,2,596520,15055988,1.413189834372695,b2a_w4,officially_measured_original,True
case_034,3,438919,15055988,1.920618610723163,b2a_w4,officially_measured_after_fallback,True
case_034,4,381731,15060596,2.208350906790384,b2a_w4,officially_measured_after_fallback,True
case_034,5,363718,15069812,2.3177186721581005,b2a_w4,officially_measured_after_fallback,True
case_035,1,169571,0,1.0,single_core_baseline,officially_measured_original,True
case_035,2,106131,525204,1.5977518349963724,b2a_w4,officially_measured_original,True
case_035,3,99355,529812,1.706718333249459,b2a_w4,officially_measured_after_fallback,True
case_035,4,98103,534420,1.7284996381354292,b2a_w4,officially_measured_after_fallback,True
case_035,5,97043,534420,1.7473800274105291,b2a_w4,officially_measured_after_fallback,True
case_036,1,931510,0,1.0,single_core_baseline,officially_measured_original,True
case_036,2,467772,8064,1.9913761405128996,b0,officially_measured_original,True
case_036,3,390499,147840,2.3854350459284146,b1,officially_measured_after_fallback,True
case_036,4,236236,17280,3.943133138048392,b0,officially_measured_after_fallback,True
case_036,5,190308,21888,4.894749563864893,b0,officially_measured_after_fallback,True
case_037,1,210001,0,1.0,single_core_baseline,officially_measured_original,True
case_037,2,133437,1595392,1.5737838830309434,b1,officially_measured_original,True
case_037,3,91873,1978368,2.2857749284338165,b1,officially_measured_after_fallback,True
case_037,4,70758,2191360,2.9678764238672657,b1,officially_measured_after_fallback,True
case_037,5,46592,1925120,4.507233001373627,b0,officially_measured_after_fallback,True
case_038,1,1364555,5627904,1.0,single_core_baseline,officially_measured_original,True
case_038,2,1008722,22607872,1.3527562599011422,b2a_w4,officially_measured_original,True
case_038,3,795870,22706176,1.7145450890220764,b2a_w4,officially_measured_after_fallback,True
case_038,4,754961,10424836,1.8074509809115968,b1,officially_measured_after_fallback,True
case_038,5,737342,11362820,1.850640544008072,b1,officially_measured_after_fallback,True
case_039,1,1435262,7929856,1.0,single_core_baseline,officially_measured_original,True
case_039,2,870099,13533184,1.6495387306501903,b1,officially_measured_original,True
case_039,3,702273,15388672,2.043737976541886,b1,officially_measured_after_fallback,True
case_039,4,565084,16969728,2.539909110857854,b1,officially_measured_after_fallback,True
case_039,5,537968,18665472,2.667931921601285,b1,officially_measured_after_fallback,True
case_040,1,253454,0,1.0,single_core_baseline,officially_measured_original,True
case_040,2,147941,847184,1.7132099958767346,b2a_w4,officially_measured_original,True
case_040,3,133644,871760,1.8964861871838616,b2a_w4,officially_measured_after_fallback,True
case_040,4,127075,896336,1.9945229195357077,b2a_w4,officially_measured_after_fallback,True
case_040,5,119987,920912,2.112345504096277,b2a_w4,officially_measured_after_fallback,True
case_041,1,6003957,30898176,1.0,single_core_baseline,officially_measured_original,True
case_041,2,3673618,21554184,1.6343443983560622,b1,officially_measured_original,True
case_041,3,3425567,106948624,1.752689992634796,b2a_w4,officially_measured_after_fallback,True
case_041,4,2164802,28938252,2.773443945450901,b1,officially_measured_after_fallback,True
case_041,5,2012046,31777808,2.984005832868632,b1,officially_measured_after_fallback,True
case_042,1,1686740,6629376,1.0,single_core_baseline,officially_measured_original,True
case_042,2,1007984,19385376,1.6733797361862888,b2a_w4,officially_measured_original,True
case_042,3,756202,19459104,2.2305415748702067,b2a_w4,officially_measured_after_fallback,True
case_042,4,623840,19532832,2.7038022569889715,b2a_w4,officially_measured_after_fallback,True
case_042,5,565621,19606560,2.9821028568599823,b2a_w4,officially_measured_after_fallback,True
case_043,1,677656,49160,1.0,single_core_baseline,officially_measured_original,True
case_043,2,349722,2549426,1.9376990867031527,b2a_w4,officially_measured_original,True
case_043,3,286671,5522026,2.3638805459917465,b2a_w8,officially_measured_after_fallback,True
case_043,4,286671,5522026,2.3638805459917465,inherit_k3,officially_measured_after_fallback,True
case_043,5,237206,5690482,2.856824869522693,b2a_w8,officially_measured_after_fallback,True
case_044,1,154407,4438112,1.0,single_core_baseline,officially_measured_original,True
case_044,2,87589,2915104,1.762858349792782,b2a_w4,officially_measured_original,True
case_044,3,87589,2915104,1.762858349792782,inherit_k2,officially_measured_after_fallback,True
case_044,4,87589,2915104,1.762858349792782,inherit_k2,officially_measured_after_fallback,True
case_044,5,87589,2915104,1.762858349792782,inherit_k2,officially_measured_after_fallback,True
case_045,1,125614,0,1.0,single_core_baseline,officially_measured_original,True
case_045,2,80336,217088,1.5636078470424215,b1,officially_measured_original,True
case_045,3,55620,323584,2.258432218626393,b1,officially_measured_after_fallback,True
case_045,4,44141,466944,2.845744319340296,b1,officially_measured_after_fallback,True
case_045,5,36900,450560,3.404173441734417,b1,officially_measured_after_fallback,True
case_046,1,276455,3176288,1.0,single_core_baseline,officially_measured_original,True
case_046,2,154820,3151648,1.785654308228911,b2a_w4,officially_measured_original,True
case_046,3,133612,5012448,2.069088105858756,b2a_w4,officially_measured_after_fallback,True
case_046,4,133612,5012448,2.069088105858756,inherit_k3,officially_measured_after_fallback,True
case_046,5,133612,5012448,2.069088105858756,inherit_k3,officially_measured_after_fallback,True
case_047,1,326508,0,1.0,single_core_baseline,officially_measured_original,True
case_047,2,253283,1518112,1.2891034929308325,b2a_w16,officially_measured_original,True
case_047,3,233731,1747908,1.3969392164496792,b2a_w16,officially_measured_after_fallback,True
case_047,4,217701,1801306,1.4998001846569378,b2a_w16,officially_measured_after_fallback,True
case_047,5,213351,1828066,1.530379515446377,b2a_w16,officially_measured_after_fallback,True
case_048,1,222220,0,1.0,single_core_baseline,officially_measured_original,True
case_048,2,176165,650944,1.2614310447591746,b2a_w16,officially_measured_original,True
case_048,3,163641,651072,1.3579726352197798,b2a_w16,officially_measured_after_fallback,True
case_048,4,163641,651072,1.3579726352197798,inherit_k3,officially_measured_after_fallback,True
case_048,5,163641,651072,1.3579726352197798,inherit_k3,officially_measured_after_fallback,True
case_049,1,196276,0,1.0,single_core_baseline,officially_measured_original,True
case_049,2,139420,1434798,1.4078037584277725,b2a_w8,officially_measured_original,True
case_049,3,119670,2958270,1.6401437285869471,b2a_w16,officially_measured_after_fallback,True
case_049,4,112197,1570092,1.7493872385179638,b2a_w8,officially_measured_after_fallback,True
case_049,5,106993,3030208,1.8344751525800755,b2a_w16,officially_measured_after_fallback,True
case_050,1,149690,0,1.0,single_core_baseline,officially_measured_original,True
case_050,2,98315,2499756,1.5225550526369322,b2a_w16,officially_measured_original,True
case_050,3,75193,2598792,1.990743819238493,b2a_w16,officially_measured_after_fallback,True
case_050,4,67066,2694180,2.231980437181284,b2a_w16,officially_measured_after_fallback,True
case_050,5,64330,2744404,2.32690812995492,b2a_w16,officially_measured_after_fallback,True
case_051,1,607628,0,1.0,single_core_baseline,officially_measured_original,True
case_051,2,607628,0,1.0,single,officially_measured_original,True
case_051,3,607628,0,1.0,single,officially_measured_after_fallback,True
case_051,4,607628,0,1.0,single,officially_measured_after_fallback,True
case_051,5,607628,0,1.0,single,officially_measured_after_fallback,True
case_052,1,180301,0,1.0,single_core_baseline,officially_measured_original,True
case_052,2,108708,726294,1.6585807852227987,b1,officially_measured_original,True
case_052,3,88831,2746432,2.029708097398431,b2a_w4,officially_measured_after_fallback,True
case_052,4,82250,2801728,2.1921094224924014,b2a_w4,officially_measured_after_fallback,True
case_052,5,72062,2857024,2.502026033138131,b2a_w4,officially_measured_after_fallback,True
case_053,1,1472686,5405536,1.0,single_core_baseline,officially_measured_original,True
case_053,2,765799,3596396,1.9230711975335564,b2a_w4,officially_measured_original,True
case_053,3,588970,5521516,2.500443146510009,b2a_w4,officially_measured_after_fallback,True
case_053,4,494780,7431276,2.9764460972553457,b2a_w4,officially_measured_after_fallback,True
case_053,5,494780,7431276,2.9764460972553457,inherit_k4,officially_measured_after_fallback,True
case_054,1,815051,0,1.0,single_core_baseline,officially_measured_original,True
case_054,2,517697,6563522,1.5743784491700743,b2a_w16,officially_measured_original,True
case_054,3,440388,6895214,1.850756605538752,b2a_w16,officially_measured_after_fallback,True
case_054,4,365690,7141466,2.2288030845798352,b2a_w16,officially_measured_after_fallback,True
case_054,5,309877,7332666,2.630240385701424,b2a_w16,officially_measured_after_fallback,True
case_055,1,118835,69632,1.0,single_core_baseline,officially_measured_original,True
case_055,2,71645,1977060,1.6586642473305884,b2a_w4,officially_measured_original,True
case_055,3,60780,2001636,1.955166173083251,b2a_w4,officially_measured_after_fallback,True
case_055,4,52781,2018020,2.2514730679600614,b2a_w4,officially_measured_after_fallback,True
case_055,5,46207,894358,2.5717964810526546,b1,officially_measured_after_fallback,True
case_056,1,277285,0,1.0,single_core_baseline,officially_measured_original,True
case_056,2,210518,2913858,1.3171557776532172,b2a_w16,officially_measured_original,True
case_056,3,182132,3059426,1.5224397689587772,b2a_w16,officially_measured_after_fallback,True
case_056,4,164272,3187008,1.6879626473166456,b2a_w16,officially_measured_after_fallback,True
case_056,5,160648,3267474,1.726040784821473,b2a_w16,officially_measured_after_fallback,True
case_057,1,59726,94216,1.0,single_core_baseline,officially_measured_original,True
case_057,2,35529,1124990,1.6810492836837514,b2a_w4,officially_measured_original,True
case_057,3,28308,1137280,2.109862936272432,b2a_w4,officially_measured_after_fallback,True
case_057,4,26544,1153668,2.250075346594334,b2a_w4,officially_measured_after_fallback,True
case_057,5,26476,1165960,2.255854358664451,b2a_w4,officially_measured_after_fallback,True
case_058,1,4539717,28696576,1.0,single_core_baseline,officially_measured_original,True
case_058,2,3875932,122425344,1.171258164487922,b2a_w4,officially_measured_original,True
case_058,3,1529236,34037760,2.968617662676003,b0,officially_measured_after_fallback,True
case_058,4,1529236,34037760,2.968617662676003,inherit_k3,officially_measured_after_fallback,True
case_058,5,972688,39665664,4.667187217278305,b0,officially_measured_after_fallback,True
case_059,1,829473,1691648,1.0,single_core_baseline,officially_measured_original,True
case_059,2,370884,5046272,2.2364755556993563,b0,officially_measured_original,True
case_059,3,370884,5046272,2.2364755556993563,inherit_k2,officially_measured_after_fallback,True
case_059,4,187820,5406720,4.416318815887552,b0,officially_measured_after_fallback,True
case_059,5,187820,5406720,4.416318815887552,inherit_k4,officially_measured_after_fallback,True
case_060,1,888789,2068520,1.0,single_core_baseline,officially_measured_original,True
case_060,2,552794,5445690,1.6078123134476858,b1,officially_measured_original,True
case_060,3,427246,6721662,2.080274595900254,b1,officially_measured_after_fallback,True
case_060,4,388078,7163986,2.2902328913259704,b1,officially_measured_after_fallback,True
case_060,5,331141,8007770,2.6840197982128458,b1,officially_measured_after_fallback,True
case_061,1,77191,0,1.0,single_core_baseline,officially_measured_original,True
case_061,2,55008,221910,1.4032686154741127,b1,officially_measured_original,True
case_061,3,42307,1338952,1.8245444016356631,b2a_w4,officially_measured_after_fallback,True
case_061,4,41145,1338952,1.8760724267833275,b2a_w4,officially_measured_after_fallback,True
case_061,5,40974,1338952,1.883901986625665,b2a_w4,officially_measured_after_fallback,True
case_062,1,2854809,0,1.0,single_core_baseline,officially_measured_original,True
case_062,2,1640007,50250240,1.7407297651778315,b2a_w4,officially_measured_original,True
case_062,3,1192564,247296,2.393841336817144,b1,officially_measured_after_fallback,True
case_062,4,895100,431616,3.1893743715785945,b1,officially_measured_after_fallback,True
case_062,5,718658,529920,3.9724166432433785,b1,officially_measured_after_fallback,True
case_063,1,1070397,0,1.0,single_core_baseline,officially_measured_original,True
case_063,2,617043,18823680,1.7347202707104692,b2a_w4,officially_measured_original,True
case_063,3,448490,287232,2.3866685990769025,b1,officially_measured_after_fallback,True
case_063,4,338258,370176,3.1644395697958365,b1,officially_measured_after_fallback,True
case_063,5,271928,364032,3.936325056632638,b1,officially_measured_after_fallback,True
case_064,1,19116,0,1.0,single_core_baseline,officially_measured_original,True
case_064,2,17926,57174,1.0663840232065156,b2a_w4,officially_measured_original,True
case_064,3,16935,57242,1.128786536758193,b2a_w4,officially_measured_after_fallback,True
case_064,4,16072,121864,1.1893977103036335,b2a_w8,officially_measured_after_fallback,True
case_064,5,16072,121864,1.1893977103036335,inherit_k4,officially_measured_after_fallback,True
case_065,1,53068,0,1.0,single_core_baseline,officially_measured_original,True
case_065,2,33464,855724,1.5858235715993303,b2a_w4,officially_measured_original,True
case_065,3,24538,300856,2.162686445513082,b1,officially_measured_after_fallback,True
case_065,4,23966,890544,2.2143035967620794,b2a_w4,officially_measured_after_fallback,True
case_065,5,22977,916148,2.309613961787875,b2a_w4,officially_measured_after_fallback,True
case_066,1,359070,0,1.0,single_core_baseline,officially_measured_original,True
case_066,2,196267,2021184,1.82949757218483,b2a_w8,officially_measured_original,True
case_066,3,144846,2295066,2.478977672838739,b2a_w8,officially_measured_after_fallback,True
case_066,4,128719,2372426,2.789564866103684,b2a_w8,officially_measured_after_fallback,True
case_066,5,115064,2445690,3.120611138149204,b2a_w8,officially_measured_after_fallback,True
case_067,1,63834834,264449408,1.0,single_core_baseline,officially_measured_original,True
case_067,2,32108755,219499648,1.988081879848658,b2a_w8,officially_measured_original,True
case_067,3,21639488,220745600,2.949923491720322,b2a_w8,officially_measured_after_fallback,True
case_067,4,16587795,221991552,3.848301356509409,b2a_w8,officially_measured_after_fallback,True
case_067,5,13419797,221533568,4.756765992808982,b2a_w16,officially_measured_after_fallback,True
case_068,1,362095,0,1.0,single_core_baseline,officially_measured_original,True
case_068,2,228701,3252326,1.583268109890206,b2a_w16,officially_measured_original,True
case_068,3,187358,3255914,1.9326369837423545,b2a_w16,officially_measured_after_fallback,True
case_068,4,171172,3259502,2.115386862337298,b2a_w16,officially_measured_after_fallback,True
case_068,5,170197,3266674,2.127505185167776,b2a_w16,officially_measured_after_fallback,True
case_069,1,25144,0,1.0,single_core_baseline,officially_measured_original,True
case_069,2,21908,456078,1.1477085995983205,b2a_w4,officially_measured_original,True
case_069,3,18665,503702,1.3471202785963032,b2a_w4,officially_measured_after_fallback,True
case_069,4,18008,503706,1.396268325188805,b2a_w4,officially_measured_after_fallback,True
case_069,5,18008,503706,1.396268325188805,inherit_k4,officially_measured_after_fallback,True
case_070,1,117300,0,1.0,single_core_baseline,officially_measured_original,True
case_070,2,75454,1886666,1.554589551249768,b2a_w4,officially_measured_original,True
case_070,3,55893,1984970,2.0986527829960817,b2a_w4,officially_measured_after_fallback,True
case_070,4,50978,2083274,2.3009925850366826,b2a_w4,officially_measured_after_fallback,True
case_070,5,46898,954568,2.5011727579001235,b1,officially_measured_after_fallback,True
case_071,1,18919,0,1.0,single_core_baseline,officially_measured_original,True
case_071,2,16356,321038,1.1567009048667156,b2a_w4,officially_measured_original,True
case_071,3,14761,354068,1.2816882325045729,b2a_w4,officially_measured_after_fallback,True
case_071,4,14363,354072,1.3172039267562488,b2a_w4,officially_measured_after_fallback,True
case_071,5,14363,354072,1.3172039267562488,inherit_k4,officially_measured_after_fallback,True
case_072,1,23897828,108613680,1.0,single_core_baseline,officially_measured_original,True
case_072,2,15845126,261688546,1.5082131880806755,b2a_w4,officially_measured_original,True
case_072,3,11493060,233614562,2.0793268285382656,b2a_w4,officially_measured_after_fallback,True
case_072,4,7571188,232385762,3.1564171963501635,b2a_w4,officially_measured_after_fallback,True
case_072,5,7359577,232385762,3.2471741242737187,b2a_w4,officially_measured_after_fallback,True
case_073,1,10081626,141570432,1.0,single_core_baseline,officially_measured_original,True
case_073,2,5287173,137754240,1.9068084210597989,b2a_w4,officially_measured_original,True
case_073,3,4360653,137655680,2.3119532785571337,b2a_w4,officially_measured_after_fallback,True
case_073,4,3484122,111917696,2.8935915562084222,b2a_w16,officially_measured_after_fallback,True
case_073,5,3143181,114050432,3.207459576779065,b2a_w16,officially_measured_after_fallback,True
case_074,1,1682239,6070280,1.0,single_core_baseline,officially_measured_original,True
case_074,2,1056450,18104624,1.5923507974821336,b2a_w4,officially_measured_original,True
case_074,3,693574,14942512,2.425464334014828,b2a_w4,officially_measured_after_fallback,True
case_074,4,568390,14958896,2.9596562219602736,b2a_w4,officially_measured_after_fallback,True
case_074,5,491359,14975280,3.423645440502769,b2a_w4,officially_measured_after_fallback,True
case_075,1,1441809,0,1.0,single_core_baseline,officially_measured_original,True
case_075,2,1011157,3980862,1.4259002311213789,b2a_w16,officially_measured_original,True
case_075,3,952515,4172632,1.5136863986393916,b2a_w16,officially_measured_after_fallback,True
case_075,4,818188,4172888,1.7621976856174864,b2a_w16,officially_measured_after_fallback,True
case_075,5,773824,4173144,1.8632260048796625,b2a_w16,officially_measured_after_fallback,True
case_076,1,6185113,28280832,1.0,single_core_baseline,officially_measured_original,True
case_076,2,4643593,47734784,1.3319670780794095,b1,officially_measured_original,True
case_076,3,3515382,49615880,1.7594426437866495,b1,officially_measured_after_fallback,True
case_076,4,3048404,52178944,2.028967617153107,b1,officially_measured_after_fallback,True
case_076,5,2141370,54043652,2.888390609749833,b1,officially_measured_after_fallback,True
case_077,1,495320,0,1.0,single_core_baseline,officially_measured_original,True
case_077,2,302526,3259766,1.6372807626451942,b2a_w4,officially_measured_original,True
case_077,3,244792,4638158,2.023432138305173,b2a_w8,officially_measured_after_fallback,True
case_077,4,188985,4667094,2.6209487525464983,b2a_w8,officially_measured_after_fallback,True
case_077,5,166614,4697690,2.9728594235778507,b2a_w8,officially_measured_after_fallback,True
case_078,1,2296143,12644568,1.0,single_core_baseline,officially_measured_original,True
case_078,2,1080972,15039360,2.1241466013920807,b0,officially_measured_original,True
case_078,3,765122,14693376,3.001015524321612,b1,officially_measured_after_fallback,True
case_078,4,632100,15432576,3.632562885619364,b1,officially_measured_after_fallback,True
case_078,5,561557,15580032,4.088886791545649,b2a_w4,officially_measured_after_fallback,True
case_079,1,31052251,32448512,1.0,single_core_baseline,officially_measured_original,True
case_079,2,15450384,34050048,2.0098044812349,b0,officially_measured_original,True
case_079,3,10180207,35033088,3.050257327773394,b0,officially_measured_after_fallback,True
case_079,4,7723180,35672064,4.020656128693103,b0,officially_measured_after_fallback,True
case_079,5,7723180,35672064,4.020656128693103,inherit_k4,officially_measured_after_fallback,True
case_080,1,292138,548864,1.0,single_core_baseline,officially_measured_original,True
case_080,2,222646,6930432,1.3121187894684836,b2a_w4,officially_measured_original,True
case_080,3,119704,4263936,2.4405032413286105,b0,officially_measured_after_fallback,True
case_080,4,119704,4263936,2.4405032413286105,inherit_k3,officially_measured_after_fallback,True
case_080,5,119704,4263936,2.4405032413286105,inherit_k3,officially_measured_after_fallback,True
case_081,1,151795,0,1.0,single_core_baseline,officially_measured_original,True
case_081,2,96614,811530,1.571149108824808,b1,officially_measured_original,True
case_081,3,66182,807488,2.2935994681333294,b1,officially_measured_after_fallback,True
case_081,4,52379,944662,2.898012562286413,b1,officially_measured_after_fallback,True
case_081,5,52379,944662,2.898012562286413,inherit_k4,officially_measured_after_fallback,True
case_082,1,721041,0,1.0,single_core_baseline,officially_measured_original,True
case_082,2,457211,3894114,1.5770421096605287,b2a_w16,officially_measured_original,True
case_082,3,375126,4377220,1.922130164264807,b2a_w16,officially_measured_after_fallback,True
case_082,4,294915,4443548,2.444911245613143,b2a_w16,officially_measured_after_fallback,True
case_082,5,264804,4552362,2.722923369737617,b2a_w16,officially_measured_after_fallback,True
case_083,1,1057993,13934688,1.0,single_core_baseline,officially_measured_original,True
case_083,2,472408,4187936,2.2395746896750266,b2a_w4,officially_measured_original,True
case_083,3,341275,7032800,3.100118672624716,b2a_w8,officially_measured_after_fallback,True
case_083,4,287302,8893600,3.6825117820272735,b2a_w8,officially_measured_after_fallback,True
case_083,5,277053,10754400,3.8187386528931286,b2a_w8,officially_measured_after_fallback,True
case_084,1,2507412,0,1.0,single_core_baseline,officially_measured_original,True
case_084,2,1257025,29776896,1.9947192776595533,b2a_w4,officially_measured_original,True
case_084,3,836541,82944,2.9973569735374594,b0,officially_measured_after_fallback,True
case_084,4,630754,101376,3.975261353871716,b0,officially_measured_after_fallback,True
case_084,5,505173,92160,4.963471919520639,b1,officially_measured_after_fallback,True
case_085,1,3187899,0,1.0,single_core_baseline,officially_measured_original,True
case_085,2,2379485,9492140,1.3397432637734636,b2a_w16,officially_measured_original,True
case_085,3,2140299,10641880,1.4894643225082105,b2a_w16,officially_measured_after_fallback,True
case_085,4,2011650,11791620,1.5847185146521512,b2a_w16,officially_measured_after_fallback,True
case_085,5,1881266,12096030,1.694549840373451,b2a_w16,officially_measured_after_fallback,True
case_086,1,118403,0,1.0,single_core_baseline,officially_measured_original,True
case_086,2,91416,2978098,1.2952109039992998,b2a_w16,officially_measured_original,True
case_086,3,83924,3269108,1.410835994471188,b2a_w16,officially_measured_after_fallback,True
case_086,4,75245,2084406,1.573566349923583,b2a_w8,officially_measured_after_fallback,True
case_086,5,75245,2084406,1.573566349923583,inherit_k4,officially_measured_after_fallback,True
case_087,1,3974071,7902720,1.0,single_core_baseline,officially_measured_original,True
case_087,2,2242785,28326240,1.7719357851956383,b2a_w4,officially_measured_original,True
case_087,3,1591733,28326240,2.496694483308444,b2a_w4,officially_measured_after_fallback,True
case_087,4,1387347,35818216,2.864511185737959,b2a_w8,officially_measured_after_fallback,True
case_087,5,1221168,37435656,3.25431963497242,b2a_w8,officially_measured_after_fallback,True
case_088,1,243623,0,1.0,single_core_baseline,officially_measured_original,True
case_088,2,158945,2658980,1.5327503224385794,b2a_w16,officially_measured_original,True
case_088,3,123889,2809516,1.966461913487073,b2a_w16,officially_measured_after_fallback,True
case_088,4,112669,2964660,2.1622895383823413,b2a_w16,officially_measured_after_fallback,True
case_088,5,107912,3010236,2.257608051004522,b2a_w16,officially_measured_after_fallback,True
case_089,1,693092,0,1.0,single_core_baseline,officially_measured_original,True
case_089,2,348428,1671040,1.989197194255341,b0,officially_measured_original,True
case_089,3,239513,2832000,2.893755245018016,b2a_w8,officially_measured_after_fallback,True
case_089,4,193916,3711872,3.5741867612780798,b0,officially_measured_after_fallback,True
case_089,5,168448,3029120,4.114575417933131,b2a_w4,officially_measured_after_fallback,True
case_090,1,1178363,21233592,1.0,single_core_baseline,officially_measured_original,True
case_090,2,533220,7339008,2.20990022879862,b2a_w16,officially_measured_original,True
case_090,3,432618,11635968,2.723795588717991,b2a_w16,officially_measured_after_fallback,True
case_090,4,400988,15932928,2.938649036878909,b2a_w16,officially_measured_after_fallback,True
case_090,5,400988,15932928,2.938649036878909,inherit_k4,officially_measured_after_fallback,True
case_091,1,9186769,53947008,1.0,single_core_baseline,officially_measured_original,True
case_091,2,5650577,38405256,1.6258107800318444,b1,officially_measured_original,True
case_091,3,4742807,145184784,1.936989845886624,b2a_w4,officially_measured_after_fallback,True
case_091,4,4138533,145184784,2.219812914382947,b2a_w4,officially_measured_after_fallback,True
case_091,5,3077910,48851592,2.9847425688210505,b1,officially_measured_after_fallback,True
case_092,1,4815554,66000096,1.0,single_core_baseline,officially_measured_original,True
case_092,2,2091382,9549600,2.3025702621520123,b2a_w4,officially_measured_original,True
case_092,3,1425631,15557600,3.377840408913667,b2a_w8,officially_measured_after_fallback,True
case_092,4,1116964,17418400,4.311288456924306,b2a_w8,officially_measured_after_fallback,True
case_092,5,897210,19279200,5.367254043089132,b2a_w8,officially_measured_after_fallback,True
case_093,1,74205,0,1.0,single_core_baseline,officially_measured_original,True
case_093,2,47547,114688,1.560666288093886,b0,officially_measured_original,True
case_093,3,33714,200704,2.201014415376401,b1,officially_measured_after_fallback,True
case_093,4,26594,286720,2.790291043092427,b1,officially_measured_after_fallback,True
case_093,5,23720,286720,3.128372681281619,b1,officially_measured_after_fallback,True
case_094,1,94892,0,1.0,single_core_baseline,officially_measured_original,True
case_094,2,55265,418824,1.7170360987967068,b1,officially_measured_original,True
case_094,3,50213,1612308,1.889789496743871,b2a_w4,officially_measured_after_fallback,True
case_094,4,34140,759080,2.7794961921499706,b1,officially_measured_after_fallback,True
case_094,5,29604,831012,3.2053776516686936,b1,officially_measured_after_fallback,True
case_095,1,2084853,0,1.0,single_core_baseline,officially_measured_original,True
case_095,2,1043006,221184,1.998888788750976,b0,officially_measured_original,True
case_095,3,697770,221184,2.987879960445419,b0,officially_measured_after_fallback,True
case_095,4,527479,221184,3.952485312211482,b1,officially_measured_after_fallback,True
case_095,5,424998,294912,4.90555955557438,b1,officially_measured_after_fallback,True
case_096,1,84194,0,1.0,single_core_baseline,officially_measured_original,True
case_096,2,48294,1193744,1.7433635648320702,b2a_w4,officially_measured_original,True
case_096,3,42878,1267472,1.9635710620831195,b2a_w4,officially_measured_after_fallback,True
case_096,4,41415,1341200,2.0329349269588315,b2a_w4,officially_measured_after_fallback,True
case_096,5,41212,1414928,2.0429486557313403,b2a_w4,officially_measured_after_fallback,True
case_097,1,11491509,10584064,1.0,single_core_baseline,officially_measured_original,True
case_097,2,5156692,11927552,2.2284652641654765,b0,officially_measured_original,True
case_097,3,4316892,84934656,2.661986679305389,b2a_w4,officially_measured_after_fallback,True
case_097,4,2583836,14483456,4.447460674748707,b0,officially_measured_after_fallback,True
case_097,5,2583836,14483456,4.447460674748707,inherit_k4,officially_measured_after_fallback,True
case_098,1,177430,0,1.0,single_core_baseline,officially_measured_original,True
case_098,2,94609,2386102,1.8754029743470493,b2a_w4,officially_measured_original,True
case_098,3,94026,2386102,1.8870312466764512,b2a_w4,officially_measured_after_fallback,True
case_098,4,94026,2386102,1.8870312466764512,inherit_k3,officially_measured_after_fallback,True
case_098,5,94026,2386102,1.8870312466764512,inherit_k3,officially_measured_after_fallback,True
case_099,1,1622999,5484544,1.0,single_core_baseline,officially_measured_original,True
case_099,2,1599503,10176000,1.01468956294549,b1,officially_measured_original,True
case_099,3,789639,16063104,2.0553683392031044,b2a_w4,officially_measured_after_fallback,True
case_099,4,658914,16128640,2.463142382769224,b2a_w4,officially_measured_after_fallback,True
case_099,5,551115,16194176,2.9449370820972027,b2a_w4,officially_measured_after_fallback,True
case_100,1,151223,0,1.0,single_core_baseline,officially_measured_original,True
case_100,2,88870,2442608,1.7016203443231688,b2a_w4,officially_measured_original,True
case_100,3,82961,2516336,1.822820361374622,b2a_w4,officially_measured_after_fallback,True
case_100,4,76975,2590064,1.9645729132835337,b2a_w4,officially_measured_after_fallback,True
case_100,5,75870,2663792,1.9931857124027943,b2a_w4,officially_measured_after_fallback,True
